ISO-10303-21;
HEADER;
/* Generated by software containing ST-Developer
 * from STEP Tools, Inc. (www.steptools.com) 
 */

FILE_DESCRIPTION(
/* description */ (''),
/* implementation_level */ '2;1');

FILE_NAME(
/* name */ 'Plate.step',
/* time_stamp */ '2025-07-13T19:11:36+03:00',
/* author */ (''),
/* organization */ (''),
/* preprocessor_version */ 'ST-DEVELOPER v20.1',
/* originating_system */ 'Autodesk Translation Framework v14.10.0.0',
/* authorisation */ '');

FILE_SCHEMA (('AUTOMOTIVE_DESIGN { 1 0 10303 214 3 1 1 }'));
ENDSEC;

DATA;
#10=MECHANICAL_DESIGN_GEOMETRIC_PRESENTATION_REPRESENTATION('',(#13),#5159);
#11=SHAPE_REPRESENTATION_RELATIONSHIP('SRR','None',#5166,#12);
#12=ADVANCED_BREP_SHAPE_REPRESENTATION('',(#14),#5158);
#13=STYLED_ITEM('',(#5176),#14);
#14=MANIFOLD_SOLID_BREP('Body1',#3251);
#15=FACE_BOUND('',#351,.T.);
#16=FACE_BOUND('',#352,.T.);
#17=FACE_BOUND('',#353,.T.);
#18=FACE_BOUND('',#354,.T.);
#19=FACE_BOUND('',#355,.T.);
#20=FACE_BOUND('',#356,.T.);
#21=FACE_BOUND('',#357,.T.);
#22=FACE_BOUND('',#358,.T.);
#23=FACE_BOUND('',#359,.T.);
#24=FACE_BOUND('',#360,.T.);
#25=FACE_BOUND('',#361,.T.);
#26=FACE_BOUND('',#362,.T.);
#27=FACE_BOUND('',#363,.T.);
#28=FACE_BOUND('',#364,.T.);
#29=FACE_BOUND('',#365,.T.);
#30=FACE_BOUND('',#366,.T.);
#31=FACE_BOUND('',#511,.T.);
#32=FACE_BOUND('',#512,.T.);
#33=FACE_BOUND('',#513,.T.);
#34=FACE_BOUND('',#514,.T.);
#35=FACE_BOUND('',#515,.T.);
#36=FACE_BOUND('',#516,.T.);
#37=FACE_BOUND('',#517,.T.);
#38=FACE_BOUND('',#518,.T.);
#39=FACE_BOUND('',#519,.T.);
#40=FACE_BOUND('',#520,.T.);
#41=FACE_BOUND('',#521,.T.);
#42=FACE_BOUND('',#522,.T.);
#43=FACE_BOUND('',#523,.T.);
#44=FACE_BOUND('',#524,.T.);
#45=FACE_BOUND('',#525,.T.);
#46=FACE_BOUND('',#526,.T.);
#47=PLANE('',#3283);
#48=PLANE('',#3284);
#49=PLANE('',#3285);
#50=PLANE('',#3286);
#51=PLANE('',#3295);
#52=PLANE('',#3298);
#53=PLANE('',#3301);
#54=PLANE('',#3302);
#55=PLANE('',#3303);
#56=PLANE('',#3304);
#57=PLANE('',#3307);
#58=PLANE('',#3312);
#59=PLANE('',#3315);
#60=PLANE('',#3318);
#61=PLANE('',#3319);
#62=PLANE('',#3322);
#63=PLANE('',#3323);
#64=PLANE('',#3324);
#65=PLANE('',#3325);
#66=PLANE('',#3326);
#67=PLANE('',#3327);
#68=PLANE('',#3328);
#69=PLANE('',#3329);
#70=PLANE('',#3330);
#71=PLANE('',#3331);
#72=PLANE('',#3332);
#73=PLANE('',#3333);
#74=PLANE('',#3334);
#75=PLANE('',#3335);
#76=PLANE('',#3336);
#77=PLANE('',#3337);
#78=PLANE('',#3338);
#79=PLANE('',#3339);
#80=PLANE('',#3340);
#81=PLANE('',#3341);
#82=PLANE('',#3342);
#83=PLANE('',#3343);
#84=PLANE('',#3344);
#85=PLANE('',#3345);
#86=PLANE('',#3346);
#87=PLANE('',#3347);
#88=PLANE('',#3348);
#89=PLANE('',#3349);
#90=PLANE('',#3350);
#91=PLANE('',#3351);
#92=PLANE('',#3352);
#93=PLANE('',#3353);
#94=PLANE('',#3354);
#95=PLANE('',#3355);
#96=PLANE('',#3356);
#97=PLANE('',#3357);
#98=PLANE('',#3358);
#99=PLANE('',#3359);
#100=PLANE('',#3360);
#101=PLANE('',#3361);
#102=PLANE('',#3362);
#103=PLANE('',#3363);
#104=PLANE('',#3364);
#105=PLANE('',#3365);
#106=PLANE('',#3366);
#107=PLANE('',#3367);
#108=PLANE('',#3368);
#109=PLANE('',#3369);
#110=PLANE('',#3370);
#111=PLANE('',#3371);
#112=PLANE('',#3372);
#113=PLANE('',#3373);
#114=PLANE('',#3374);
#115=PLANE('',#3375);
#116=PLANE('',#3376);
#117=PLANE('',#3377);
#118=PLANE('',#3378);
#119=PLANE('',#3379);
#120=PLANE('',#3380);
#121=PLANE('',#3381);
#122=PLANE('',#3382);
#123=PLANE('',#3383);
#124=PLANE('',#3384);
#125=PLANE('',#3385);
#126=PLANE('',#3386);
#127=PLANE('',#3387);
#128=PLANE('',#3388);
#129=PLANE('',#3389);
#130=PLANE('',#3390);
#131=PLANE('',#3391);
#132=PLANE('',#3392);
#133=PLANE('',#3393);
#134=PLANE('',#3394);
#135=PLANE('',#3395);
#136=PLANE('',#3396);
#137=PLANE('',#3397);
#138=PLANE('',#3398);
#139=PLANE('',#3399);
#140=PLANE('',#3400);
#141=PLANE('',#3401);
#142=PLANE('',#3402);
#143=PLANE('',#3403);
#144=PLANE('',#3404);
#145=PLANE('',#3405);
#146=PLANE('',#3406);
#147=PLANE('',#3407);
#148=PLANE('',#3408);
#149=PLANE('',#3409);
#150=PLANE('',#3410);
#151=PLANE('',#3411);
#152=PLANE('',#3412);
#153=PLANE('',#3413);
#154=PLANE('',#3414);
#155=PLANE('',#3415);
#156=PLANE('',#3416);
#157=PLANE('',#3417);
#158=PLANE('',#3418);
#159=PLANE('',#3419);
#160=PLANE('',#3420);
#161=PLANE('',#3421);
#162=PLANE('',#3422);
#163=PLANE('',#3423);
#164=PLANE('',#3424);
#165=PLANE('',#3425);
#166=PLANE('',#3426);
#167=PLANE('',#3427);
#168=PLANE('',#3428);
#169=PLANE('',#3429);
#170=PLANE('',#3430);
#171=PLANE('',#3431);
#172=PLANE('',#3432);
#173=PLANE('',#3433);
#174=PLANE('',#3434);
#175=PLANE('',#3435);
#176=PLANE('',#3436);
#177=PLANE('',#3437);
#178=PLANE('',#3438);
#179=PLANE('',#3439);
#180=PLANE('',#3440);
#181=PLANE('',#3441);
#182=PLANE('',#3442);
#183=PLANE('',#3443);
#184=PLANE('',#3444);
#185=PLANE('',#3445);
#186=PLANE('',#3446);
#187=FACE_OUTER_BOUND('',#341,.T.);
#188=FACE_OUTER_BOUND('',#342,.T.);
#189=FACE_OUTER_BOUND('',#343,.T.);
#190=FACE_OUTER_BOUND('',#344,.T.);
#191=FACE_OUTER_BOUND('',#345,.T.);
#192=FACE_OUTER_BOUND('',#346,.T.);
#193=FACE_OUTER_BOUND('',#347,.T.);
#194=FACE_OUTER_BOUND('',#348,.T.);
#195=FACE_OUTER_BOUND('',#349,.T.);
#196=FACE_OUTER_BOUND('',#350,.T.);
#197=FACE_OUTER_BOUND('',#367,.T.);
#198=FACE_OUTER_BOUND('',#368,.T.);
#199=FACE_OUTER_BOUND('',#369,.T.);
#200=FACE_OUTER_BOUND('',#370,.T.);
#201=FACE_OUTER_BOUND('',#371,.T.);
#202=FACE_OUTER_BOUND('',#372,.T.);
#203=FACE_OUTER_BOUND('',#373,.T.);
#204=FACE_OUTER_BOUND('',#374,.T.);
#205=FACE_OUTER_BOUND('',#375,.T.);
#206=FACE_OUTER_BOUND('',#376,.T.);
#207=FACE_OUTER_BOUND('',#377,.T.);
#208=FACE_OUTER_BOUND('',#378,.T.);
#209=FACE_OUTER_BOUND('',#379,.T.);
#210=FACE_OUTER_BOUND('',#380,.T.);
#211=FACE_OUTER_BOUND('',#381,.T.);
#212=FACE_OUTER_BOUND('',#382,.T.);
#213=FACE_OUTER_BOUND('',#383,.T.);
#214=FACE_OUTER_BOUND('',#384,.T.);
#215=FACE_OUTER_BOUND('',#385,.T.);
#216=FACE_OUTER_BOUND('',#386,.T.);
#217=FACE_OUTER_BOUND('',#387,.T.);
#218=FACE_OUTER_BOUND('',#388,.T.);
#219=FACE_OUTER_BOUND('',#389,.T.);
#220=FACE_OUTER_BOUND('',#390,.T.);
#221=FACE_OUTER_BOUND('',#391,.T.);
#222=FACE_OUTER_BOUND('',#392,.T.);
#223=FACE_OUTER_BOUND('',#393,.T.);
#224=FACE_OUTER_BOUND('',#394,.T.);
#225=FACE_OUTER_BOUND('',#395,.T.);
#226=FACE_OUTER_BOUND('',#396,.T.);
#227=FACE_OUTER_BOUND('',#397,.T.);
#228=FACE_OUTER_BOUND('',#398,.T.);
#229=FACE_OUTER_BOUND('',#399,.T.);
#230=FACE_OUTER_BOUND('',#400,.T.);
#231=FACE_OUTER_BOUND('',#401,.T.);
#232=FACE_OUTER_BOUND('',#402,.T.);
#233=FACE_OUTER_BOUND('',#403,.T.);
#234=FACE_OUTER_BOUND('',#404,.T.);
#235=FACE_OUTER_BOUND('',#405,.T.);
#236=FACE_OUTER_BOUND('',#406,.T.);
#237=FACE_OUTER_BOUND('',#407,.T.);
#238=FACE_OUTER_BOUND('',#408,.T.);
#239=FACE_OUTER_BOUND('',#409,.T.);
#240=FACE_OUTER_BOUND('',#410,.T.);
#241=FACE_OUTER_BOUND('',#411,.T.);
#242=FACE_OUTER_BOUND('',#412,.T.);
#243=FACE_OUTER_BOUND('',#413,.T.);
#244=FACE_OUTER_BOUND('',#414,.T.);
#245=FACE_OUTER_BOUND('',#415,.T.);
#246=FACE_OUTER_BOUND('',#416,.T.);
#247=FACE_OUTER_BOUND('',#417,.T.);
#248=FACE_OUTER_BOUND('',#418,.T.);
#249=FACE_OUTER_BOUND('',#419,.T.);
#250=FACE_OUTER_BOUND('',#420,.T.);
#251=FACE_OUTER_BOUND('',#421,.T.);
#252=FACE_OUTER_BOUND('',#422,.T.);
#253=FACE_OUTER_BOUND('',#423,.T.);
#254=FACE_OUTER_BOUND('',#424,.T.);
#255=FACE_OUTER_BOUND('',#425,.T.);
#256=FACE_OUTER_BOUND('',#426,.T.);
#257=FACE_OUTER_BOUND('',#427,.T.);
#258=FACE_OUTER_BOUND('',#428,.T.);
#259=FACE_OUTER_BOUND('',#429,.T.);
#260=FACE_OUTER_BOUND('',#430,.T.);
#261=FACE_OUTER_BOUND('',#431,.T.);
#262=FACE_OUTER_BOUND('',#432,.T.);
#263=FACE_OUTER_BOUND('',#433,.T.);
#264=FACE_OUTER_BOUND('',#434,.T.);
#265=FACE_OUTER_BOUND('',#435,.T.);
#266=FACE_OUTER_BOUND('',#436,.T.);
#267=FACE_OUTER_BOUND('',#437,.T.);
#268=FACE_OUTER_BOUND('',#438,.T.);
#269=FACE_OUTER_BOUND('',#439,.T.);
#270=FACE_OUTER_BOUND('',#440,.T.);
#271=FACE_OUTER_BOUND('',#441,.T.);
#272=FACE_OUTER_BOUND('',#442,.T.);
#273=FACE_OUTER_BOUND('',#443,.T.);
#274=FACE_OUTER_BOUND('',#444,.T.);
#275=FACE_OUTER_BOUND('',#445,.T.);
#276=FACE_OUTER_BOUND('',#446,.T.);
#277=FACE_OUTER_BOUND('',#447,.T.);
#278=FACE_OUTER_BOUND('',#448,.T.);
#279=FACE_OUTER_BOUND('',#449,.T.);
#280=FACE_OUTER_BOUND('',#450,.T.);
#281=FACE_OUTER_BOUND('',#451,.T.);
#282=FACE_OUTER_BOUND('',#452,.T.);
#283=FACE_OUTER_BOUND('',#453,.T.);
#284=FACE_OUTER_BOUND('',#454,.T.);
#285=FACE_OUTER_BOUND('',#455,.T.);
#286=FACE_OUTER_BOUND('',#456,.T.);
#287=FACE_OUTER_BOUND('',#457,.T.);
#288=FACE_OUTER_BOUND('',#458,.T.);
#289=FACE_OUTER_BOUND('',#459,.T.);
#290=FACE_OUTER_BOUND('',#460,.T.);
#291=FACE_OUTER_BOUND('',#461,.T.);
#292=FACE_OUTER_BOUND('',#462,.T.);
#293=FACE_OUTER_BOUND('',#463,.T.);
#294=FACE_OUTER_BOUND('',#464,.T.);
#295=FACE_OUTER_BOUND('',#465,.T.);
#296=FACE_OUTER_BOUND('',#466,.T.);
#297=FACE_OUTER_BOUND('',#467,.T.);
#298=FACE_OUTER_BOUND('',#468,.T.);
#299=FACE_OUTER_BOUND('',#469,.T.);
#300=FACE_OUTER_BOUND('',#470,.T.);
#301=FACE_OUTER_BOUND('',#471,.T.);
#302=FACE_OUTER_BOUND('',#472,.T.);
#303=FACE_OUTER_BOUND('',#473,.T.);
#304=FACE_OUTER_BOUND('',#474,.T.);
#305=FACE_OUTER_BOUND('',#475,.T.);
#306=FACE_OUTER_BOUND('',#476,.T.);
#307=FACE_OUTER_BOUND('',#477,.T.);
#308=FACE_OUTER_BOUND('',#478,.T.);
#309=FACE_OUTER_BOUND('',#479,.T.);
#310=FACE_OUTER_BOUND('',#480,.T.);
#311=FACE_OUTER_BOUND('',#481,.T.);
#312=FACE_OUTER_BOUND('',#482,.T.);
#313=FACE_OUTER_BOUND('',#483,.T.);
#314=FACE_OUTER_BOUND('',#484,.T.);
#315=FACE_OUTER_BOUND('',#485,.T.);
#316=FACE_OUTER_BOUND('',#486,.T.);
#317=FACE_OUTER_BOUND('',#487,.T.);
#318=FACE_OUTER_BOUND('',#488,.T.);
#319=FACE_OUTER_BOUND('',#489,.T.);
#320=FACE_OUTER_BOUND('',#490,.T.);
#321=FACE_OUTER_BOUND('',#491,.T.);
#322=FACE_OUTER_BOUND('',#492,.T.);
#323=FACE_OUTER_BOUND('',#493,.T.);
#324=FACE_OUTER_BOUND('',#494,.T.);
#325=FACE_OUTER_BOUND('',#495,.T.);
#326=FACE_OUTER_BOUND('',#496,.T.);
#327=FACE_OUTER_BOUND('',#497,.T.);
#328=FACE_OUTER_BOUND('',#498,.T.);
#329=FACE_OUTER_BOUND('',#499,.T.);
#330=FACE_OUTER_BOUND('',#500,.T.);
#331=FACE_OUTER_BOUND('',#501,.T.);
#332=FACE_OUTER_BOUND('',#502,.T.);
#333=FACE_OUTER_BOUND('',#503,.T.);
#334=FACE_OUTER_BOUND('',#504,.T.);
#335=FACE_OUTER_BOUND('',#505,.T.);
#336=FACE_OUTER_BOUND('',#506,.T.);
#337=FACE_OUTER_BOUND('',#507,.T.);
#338=FACE_OUTER_BOUND('',#508,.T.);
#339=FACE_OUTER_BOUND('',#509,.T.);
#340=FACE_OUTER_BOUND('',#510,.T.);
#341=EDGE_LOOP('',(#2171,#2172,#2173,#2174));
#342=EDGE_LOOP('',(#2175,#2176,#2177,#2178));
#343=EDGE_LOOP('',(#2179,#2180,#2181,#2182));
#344=EDGE_LOOP('',(#2183,#2184,#2185,#2186));
#345=EDGE_LOOP('',(#2187,#2188,#2189,#2190));
#346=EDGE_LOOP('',(#2191,#2192,#2193,#2194));
#347=EDGE_LOOP('',(#2195,#2196,#2197,#2198));
#348=EDGE_LOOP('',(#2199,#2200,#2201,#2202));
#349=EDGE_LOOP('',(#2203,#2204,#2205,#2206));
#350=EDGE_LOOP('',(#2207,#2208,#2209,#2210,#2211,#2212,#2213,#2214,#2215,
#2216,#2217,#2218,#2219,#2220,#2221,#2222,#2223,#2224));
#351=EDGE_LOOP('',(#2225));
#352=EDGE_LOOP('',(#2226));
#353=EDGE_LOOP('',(#2227));
#354=EDGE_LOOP('',(#2228));
#355=EDGE_LOOP('',(#2229,#2230,#2231,#2232,#2233,#2234,#2235,#2236,#2237,
#2238,#2239,#2240));
#356=EDGE_LOOP('',(#2241,#2242,#2243,#2244,#2245,#2246,#2247,#2248,#2249,
#2250,#2251,#2252));
#357=EDGE_LOOP('',(#2253,#2254,#2255,#2256,#2257,#2258,#2259,#2260,#2261,
#2262,#2263,#2264));
#358=EDGE_LOOP('',(#2265,#2266,#2267,#2268,#2269,#2270,#2271,#2272,#2273,
#2274,#2275,#2276));
#359=EDGE_LOOP('',(#2277,#2278,#2279,#2280,#2281,#2282,#2283,#2284,#2285,
#2286,#2287,#2288));
#360=EDGE_LOOP('',(#2289,#2290,#2291,#2292,#2293,#2294,#2295,#2296,#2297,
#2298,#2299,#2300));
#361=EDGE_LOOP('',(#2301,#2302,#2303,#2304,#2305,#2306,#2307,#2308,#2309,
#2310,#2311,#2312));
#362=EDGE_LOOP('',(#2313,#2314,#2315,#2316,#2317,#2318,#2319,#2320,#2321,
#2322,#2323,#2324));
#363=EDGE_LOOP('',(#2325,#2326,#2327,#2328,#2329,#2330,#2331,#2332,#2333,
#2334,#2335,#2336));
#364=EDGE_LOOP('',(#2337,#2338,#2339,#2340,#2341,#2342,#2343,#2344,#2345,
#2346,#2347,#2348));
#365=EDGE_LOOP('',(#2349,#2350,#2351,#2352));
#366=EDGE_LOOP('',(#2353,#2354,#2355,#2356,#2357,#2358));
#367=EDGE_LOOP('',(#2359,#2360,#2361,#2362));
#368=EDGE_LOOP('',(#2363,#2364,#2365,#2366));
#369=EDGE_LOOP('',(#2367,#2368,#2369,#2370));
#370=EDGE_LOOP('',(#2371,#2372,#2373,#2374));
#371=EDGE_LOOP('',(#2375,#2376,#2377,#2378));
#372=EDGE_LOOP('',(#2379,#2380,#2381,#2382));
#373=EDGE_LOOP('',(#2383,#2384,#2385,#2386));
#374=EDGE_LOOP('',(#2387,#2388,#2389,#2390));
#375=EDGE_LOOP('',(#2391,#2392,#2393,#2394));
#376=EDGE_LOOP('',(#2395,#2396,#2397,#2398));
#377=EDGE_LOOP('',(#2399,#2400,#2401,#2402));
#378=EDGE_LOOP('',(#2403,#2404,#2405,#2406));
#379=EDGE_LOOP('',(#2407,#2408,#2409,#2410));
#380=EDGE_LOOP('',(#2411,#2412,#2413,#2414));
#381=EDGE_LOOP('',(#2415,#2416,#2417,#2418));
#382=EDGE_LOOP('',(#2419,#2420,#2421,#2422));
#383=EDGE_LOOP('',(#2423,#2424,#2425,#2426));
#384=EDGE_LOOP('',(#2427,#2428,#2429,#2430));
#385=EDGE_LOOP('',(#2431,#2432,#2433,#2434));
#386=EDGE_LOOP('',(#2435,#2436,#2437,#2438));
#387=EDGE_LOOP('',(#2439,#2440,#2441,#2442));
#388=EDGE_LOOP('',(#2443,#2444,#2445,#2446));
#389=EDGE_LOOP('',(#2447,#2448,#2449,#2450));
#390=EDGE_LOOP('',(#2451,#2452,#2453,#2454));
#391=EDGE_LOOP('',(#2455,#2456,#2457,#2458));
#392=EDGE_LOOP('',(#2459,#2460,#2461,#2462));
#393=EDGE_LOOP('',(#2463,#2464,#2465,#2466));
#394=EDGE_LOOP('',(#2467,#2468,#2469,#2470));
#395=EDGE_LOOP('',(#2471,#2472,#2473,#2474));
#396=EDGE_LOOP('',(#2475,#2476,#2477,#2478));
#397=EDGE_LOOP('',(#2479,#2480,#2481,#2482));
#398=EDGE_LOOP('',(#2483,#2484,#2485,#2486));
#399=EDGE_LOOP('',(#2487,#2488,#2489,#2490));
#400=EDGE_LOOP('',(#2491,#2492,#2493,#2494));
#401=EDGE_LOOP('',(#2495,#2496,#2497,#2498));
#402=EDGE_LOOP('',(#2499,#2500,#2501,#2502));
#403=EDGE_LOOP('',(#2503,#2504,#2505,#2506));
#404=EDGE_LOOP('',(#2507,#2508,#2509,#2510));
#405=EDGE_LOOP('',(#2511,#2512,#2513,#2514));
#406=EDGE_LOOP('',(#2515,#2516,#2517,#2518));
#407=EDGE_LOOP('',(#2519,#2520,#2521,#2522));
#408=EDGE_LOOP('',(#2523,#2524,#2525,#2526));
#409=EDGE_LOOP('',(#2527,#2528,#2529,#2530));
#410=EDGE_LOOP('',(#2531,#2532,#2533,#2534));
#411=EDGE_LOOP('',(#2535,#2536,#2537,#2538));
#412=EDGE_LOOP('',(#2539,#2540,#2541,#2542));
#413=EDGE_LOOP('',(#2543,#2544,#2545,#2546));
#414=EDGE_LOOP('',(#2547,#2548,#2549,#2550));
#415=EDGE_LOOP('',(#2551,#2552,#2553,#2554));
#416=EDGE_LOOP('',(#2555,#2556,#2557,#2558));
#417=EDGE_LOOP('',(#2559,#2560,#2561,#2562));
#418=EDGE_LOOP('',(#2563,#2564,#2565,#2566));
#419=EDGE_LOOP('',(#2567,#2568,#2569,#2570));
#420=EDGE_LOOP('',(#2571,#2572,#2573,#2574));
#421=EDGE_LOOP('',(#2575,#2576,#2577,#2578));
#422=EDGE_LOOP('',(#2579,#2580,#2581,#2582));
#423=EDGE_LOOP('',(#2583,#2584,#2585,#2586));
#424=EDGE_LOOP('',(#2587,#2588,#2589,#2590));
#425=EDGE_LOOP('',(#2591,#2592,#2593,#2594));
#426=EDGE_LOOP('',(#2595,#2596,#2597,#2598));
#427=EDGE_LOOP('',(#2599,#2600,#2601,#2602));
#428=EDGE_LOOP('',(#2603,#2604,#2605,#2606));
#429=EDGE_LOOP('',(#2607,#2608,#2609,#2610));
#430=EDGE_LOOP('',(#2611,#2612,#2613,#2614));
#431=EDGE_LOOP('',(#2615,#2616,#2617,#2618));
#432=EDGE_LOOP('',(#2619,#2620,#2621,#2622));
#433=EDGE_LOOP('',(#2623,#2624,#2625,#2626));
#434=EDGE_LOOP('',(#2627,#2628,#2629,#2630));
#435=EDGE_LOOP('',(#2631,#2632,#2633,#2634));
#436=EDGE_LOOP('',(#2635,#2636,#2637,#2638));
#437=EDGE_LOOP('',(#2639,#2640,#2641,#2642));
#438=EDGE_LOOP('',(#2643,#2644,#2645,#2646));
#439=EDGE_LOOP('',(#2647,#2648,#2649,#2650));
#440=EDGE_LOOP('',(#2651,#2652,#2653,#2654));
#441=EDGE_LOOP('',(#2655,#2656,#2657,#2658));
#442=EDGE_LOOP('',(#2659,#2660,#2661,#2662));
#443=EDGE_LOOP('',(#2663,#2664,#2665,#2666));
#444=EDGE_LOOP('',(#2667,#2668,#2669,#2670));
#445=EDGE_LOOP('',(#2671,#2672,#2673,#2674));
#446=EDGE_LOOP('',(#2675,#2676,#2677,#2678));
#447=EDGE_LOOP('',(#2679,#2680,#2681,#2682));
#448=EDGE_LOOP('',(#2683,#2684,#2685,#2686));
#449=EDGE_LOOP('',(#2687,#2688,#2689,#2690));
#450=EDGE_LOOP('',(#2691,#2692,#2693,#2694));
#451=EDGE_LOOP('',(#2695,#2696,#2697,#2698));
#452=EDGE_LOOP('',(#2699,#2700,#2701,#2702));
#453=EDGE_LOOP('',(#2703,#2704,#2705,#2706));
#454=EDGE_LOOP('',(#2707,#2708,#2709,#2710));
#455=EDGE_LOOP('',(#2711,#2712,#2713,#2714));
#456=EDGE_LOOP('',(#2715,#2716,#2717,#2718));
#457=EDGE_LOOP('',(#2719,#2720,#2721,#2722));
#458=EDGE_LOOP('',(#2723,#2724,#2725,#2726));
#459=EDGE_LOOP('',(#2727,#2728,#2729,#2730));
#460=EDGE_LOOP('',(#2731,#2732,#2733,#2734));
#461=EDGE_LOOP('',(#2735,#2736,#2737,#2738));
#462=EDGE_LOOP('',(#2739,#2740,#2741,#2742));
#463=EDGE_LOOP('',(#2743,#2744,#2745,#2746));
#464=EDGE_LOOP('',(#2747,#2748,#2749,#2750));
#465=EDGE_LOOP('',(#2751,#2752,#2753,#2754));
#466=EDGE_LOOP('',(#2755,#2756,#2757,#2758));
#467=EDGE_LOOP('',(#2759,#2760,#2761,#2762));
#468=EDGE_LOOP('',(#2763,#2764,#2765,#2766));
#469=EDGE_LOOP('',(#2767,#2768,#2769,#2770));
#470=EDGE_LOOP('',(#2771,#2772,#2773,#2774));
#471=EDGE_LOOP('',(#2775,#2776,#2777,#2778));
#472=EDGE_LOOP('',(#2779,#2780,#2781,#2782));
#473=EDGE_LOOP('',(#2783,#2784,#2785,#2786));
#474=EDGE_LOOP('',(#2787,#2788,#2789,#2790));
#475=EDGE_LOOP('',(#2791,#2792,#2793,#2794));
#476=EDGE_LOOP('',(#2795,#2796,#2797,#2798));
#477=EDGE_LOOP('',(#2799,#2800,#2801,#2802));
#478=EDGE_LOOP('',(#2803,#2804,#2805,#2806));
#479=EDGE_LOOP('',(#2807,#2808,#2809,#2810));
#480=EDGE_LOOP('',(#2811,#2812,#2813,#2814));
#481=EDGE_LOOP('',(#2815,#2816,#2817,#2818));
#482=EDGE_LOOP('',(#2819,#2820,#2821,#2822));
#483=EDGE_LOOP('',(#2823,#2824,#2825,#2826));
#484=EDGE_LOOP('',(#2827,#2828,#2829,#2830));
#485=EDGE_LOOP('',(#2831,#2832,#2833,#2834));
#486=EDGE_LOOP('',(#2835,#2836,#2837,#2838));
#487=EDGE_LOOP('',(#2839,#2840,#2841,#2842));
#488=EDGE_LOOP('',(#2843,#2844,#2845,#2846));
#489=EDGE_LOOP('',(#2847,#2848,#2849,#2850));
#490=EDGE_LOOP('',(#2851,#2852,#2853,#2854));
#491=EDGE_LOOP('',(#2855,#2856,#2857,#2858));
#492=EDGE_LOOP('',(#2859,#2860,#2861,#2862));
#493=EDGE_LOOP('',(#2863,#2864,#2865,#2866));
#494=EDGE_LOOP('',(#2867,#2868,#2869,#2870));
#495=EDGE_LOOP('',(#2871,#2872,#2873,#2874));
#496=EDGE_LOOP('',(#2875,#2876,#2877,#2878));
#497=EDGE_LOOP('',(#2879,#2880,#2881,#2882));
#498=EDGE_LOOP('',(#2883,#2884,#2885,#2886));
#499=EDGE_LOOP('',(#2887,#2888,#2889,#2890));
#500=EDGE_LOOP('',(#2891,#2892,#2893,#2894));
#501=EDGE_LOOP('',(#2895,#2896,#2897,#2898));
#502=EDGE_LOOP('',(#2899,#2900,#2901,#2902));
#503=EDGE_LOOP('',(#2903,#2904,#2905,#2906));
#504=EDGE_LOOP('',(#2907,#2908,#2909,#2910));
#505=EDGE_LOOP('',(#2911,#2912,#2913,#2914));
#506=EDGE_LOOP('',(#2915,#2916,#2917,#2918));
#507=EDGE_LOOP('',(#2919,#2920,#2921,#2922));
#508=EDGE_LOOP('',(#2923,#2924,#2925,#2926));
#509=EDGE_LOOP('',(#2927,#2928,#2929,#2930));
#510=EDGE_LOOP('',(#2931,#2932,#2933,#2934,#2935,#2936,#2937,#2938,#2939,
#2940,#2941,#2942,#2943,#2944,#2945,#2946,#2947,#2948));
#511=EDGE_LOOP('',(#2949));
#512=EDGE_LOOP('',(#2950));
#513=EDGE_LOOP('',(#2951));
#514=EDGE_LOOP('',(#2952));
#515=EDGE_LOOP('',(#2953,#2954,#2955,#2956,#2957,#2958));
#516=EDGE_LOOP('',(#2959,#2960,#2961,#2962));
#517=EDGE_LOOP('',(#2963,#2964,#2965,#2966,#2967,#2968,#2969,#2970,#2971,
#2972,#2973,#2974));
#518=EDGE_LOOP('',(#2975,#2976,#2977,#2978,#2979,#2980,#2981,#2982,#2983,
#2984,#2985,#2986));
#519=EDGE_LOOP('',(#2987,#2988,#2989,#2990,#2991,#2992,#2993,#2994,#2995,
#2996,#2997,#2998));
#520=EDGE_LOOP('',(#2999,#3000,#3001,#3002,#3003,#3004,#3005,#3006,#3007,
#3008,#3009,#3010));
#521=EDGE_LOOP('',(#3011,#3012,#3013,#3014,#3015,#3016,#3017,#3018,#3019,
#3020,#3021,#3022));
#522=EDGE_LOOP('',(#3023,#3024,#3025,#3026,#3027,#3028,#3029,#3030,#3031,
#3032,#3033,#3034));
#523=EDGE_LOOP('',(#3035,#3036,#3037,#3038,#3039,#3040,#3041,#3042,#3043,
#3044,#3045,#3046));
#524=EDGE_LOOP('',(#3047,#3048,#3049,#3050,#3051,#3052,#3053,#3054,#3055,
#3056,#3057,#3058));
#525=EDGE_LOOP('',(#3059,#3060,#3061,#3062,#3063,#3064,#3065,#3066,#3067,
#3068,#3069,#3070));
#526=EDGE_LOOP('',(#3071,#3072,#3073,#3074,#3075,#3076,#3077,#3078,#3079,
#3080,#3081,#3082));
#527=LINE('',#4246,#955);
#528=LINE('',#4252,#956);
#529=LINE('',#4258,#957);
#530=LINE('',#4264,#958);
#531=LINE('',#4269,#959);
#532=LINE('',#4273,#960);
#533=LINE('',#4278,#961);
#534=LINE('',#4282,#962);
#535=LINE('',#4286,#963);
#536=LINE('',#4288,#964);
#537=LINE('',#4289,#965);
#538=LINE('',#4292,#966);
#539=LINE('',#4294,#967);
#540=LINE('',#4295,#968);
#541=LINE('',#4298,#969);
#542=LINE('',#4300,#970);
#543=LINE('',#4301,#971);
#544=LINE('',#4304,#972);
#545=LINE('',#4306,#973);
#546=LINE('',#4310,#974);
#547=LINE('',#4313,#975);
#548=LINE('',#4317,#976);
#549=LINE('',#4321,#977);
#550=LINE('',#4325,#978);
#551=LINE('',#4329,#979);
#552=LINE('',#4331,#980);
#553=LINE('',#4333,#981);
#554=LINE('',#4335,#982);
#555=LINE('',#4337,#983);
#556=LINE('',#4339,#984);
#557=LINE('',#4341,#985);
#558=LINE('',#4343,#986);
#559=LINE('',#4345,#987);
#560=LINE('',#4347,#988);
#561=LINE('',#4349,#989);
#562=LINE('',#4350,#990);
#563=LINE('',#4353,#991);
#564=LINE('',#4355,#992);
#565=LINE('',#4357,#993);
#566=LINE('',#4359,#994);
#567=LINE('',#4361,#995);
#568=LINE('',#4363,#996);
#569=LINE('',#4365,#997);
#570=LINE('',#4367,#998);
#571=LINE('',#4369,#999);
#572=LINE('',#4371,#1000);
#573=LINE('',#4373,#1001);
#574=LINE('',#4374,#1002);
#575=LINE('',#4377,#1003);
#576=LINE('',#4379,#1004);
#577=LINE('',#4381,#1005);
#578=LINE('',#4383,#1006);
#579=LINE('',#4385,#1007);
#580=LINE('',#4387,#1008);
#581=LINE('',#4389,#1009);
#582=LINE('',#4391,#1010);
#583=LINE('',#4393,#1011);
#584=LINE('',#4395,#1012);
#585=LINE('',#4397,#1013);
#586=LINE('',#4398,#1014);
#587=LINE('',#4401,#1015);
#588=LINE('',#4403,#1016);
#589=LINE('',#4405,#1017);
#590=LINE('',#4407,#1018);
#591=LINE('',#4409,#1019);
#592=LINE('',#4411,#1020);
#593=LINE('',#4413,#1021);
#594=LINE('',#4415,#1022);
#595=LINE('',#4417,#1023);
#596=LINE('',#4419,#1024);
#597=LINE('',#4421,#1025);
#598=LINE('',#4422,#1026);
#599=LINE('',#4425,#1027);
#600=LINE('',#4427,#1028);
#601=LINE('',#4429,#1029);
#602=LINE('',#4431,#1030);
#603=LINE('',#4433,#1031);
#604=LINE('',#4435,#1032);
#605=LINE('',#4437,#1033);
#606=LINE('',#4439,#1034);
#607=LINE('',#4441,#1035);
#608=LINE('',#4443,#1036);
#609=LINE('',#4445,#1037);
#610=LINE('',#4446,#1038);
#611=LINE('',#4449,#1039);
#612=LINE('',#4451,#1040);
#613=LINE('',#4453,#1041);
#614=LINE('',#4455,#1042);
#615=LINE('',#4457,#1043);
#616=LINE('',#4459,#1044);
#617=LINE('',#4461,#1045);
#618=LINE('',#4463,#1046);
#619=LINE('',#4465,#1047);
#620=LINE('',#4467,#1048);
#621=LINE('',#4469,#1049);
#622=LINE('',#4470,#1050);
#623=LINE('',#4473,#1051);
#624=LINE('',#4475,#1052);
#625=LINE('',#4477,#1053);
#626=LINE('',#4479,#1054);
#627=LINE('',#4481,#1055);
#628=LINE('',#4483,#1056);
#629=LINE('',#4485,#1057);
#630=LINE('',#4487,#1058);
#631=LINE('',#4489,#1059);
#632=LINE('',#4491,#1060);
#633=LINE('',#4493,#1061);
#634=LINE('',#4494,#1062);
#635=LINE('',#4497,#1063);
#636=LINE('',#4499,#1064);
#637=LINE('',#4501,#1065);
#638=LINE('',#4503,#1066);
#639=LINE('',#4505,#1067);
#640=LINE('',#4507,#1068);
#641=LINE('',#4509,#1069);
#642=LINE('',#4511,#1070);
#643=LINE('',#4513,#1071);
#644=LINE('',#4515,#1072);
#645=LINE('',#4517,#1073);
#646=LINE('',#4518,#1074);
#647=LINE('',#4521,#1075);
#648=LINE('',#4523,#1076);
#649=LINE('',#4525,#1077);
#650=LINE('',#4527,#1078);
#651=LINE('',#4529,#1079);
#652=LINE('',#4531,#1080);
#653=LINE('',#4533,#1081);
#654=LINE('',#4535,#1082);
#655=LINE('',#4537,#1083);
#656=LINE('',#4539,#1084);
#657=LINE('',#4541,#1085);
#658=LINE('',#4542,#1086);
#659=LINE('',#4545,#1087);
#660=LINE('',#4547,#1088);
#661=LINE('',#4549,#1089);
#662=LINE('',#4551,#1090);
#663=LINE('',#4553,#1091);
#664=LINE('',#4555,#1092);
#665=LINE('',#4557,#1093);
#666=LINE('',#4559,#1094);
#667=LINE('',#4561,#1095);
#668=LINE('',#4563,#1096);
#669=LINE('',#4565,#1097);
#670=LINE('',#4566,#1098);
#671=LINE('',#4569,#1099);
#672=LINE('',#4571,#1100);
#673=LINE('',#4573,#1101);
#674=LINE('',#4574,#1102);
#675=LINE('',#4579,#1103);
#676=LINE('',#4581,#1104);
#677=LINE('',#4583,#1105);
#678=LINE('',#4586,#1106);
#679=LINE('',#4589,#1107);
#680=LINE('',#4591,#1108);
#681=LINE('',#4592,#1109);
#682=LINE('',#4596,#1110);
#683=LINE('',#4599,#1111);
#684=LINE('',#4600,#1112);
#685=LINE('',#4604,#1113);
#686=LINE('',#4607,#1114);
#687=LINE('',#4608,#1115);
#688=LINE('',#4610,#1116);
#689=LINE('',#4613,#1117);
#690=LINE('',#4614,#1118);
#691=LINE('',#4617,#1119);
#692=LINE('',#4619,#1120);
#693=LINE('',#4620,#1121);
#694=LINE('',#4623,#1122);
#695=LINE('',#4627,#1123);
#696=LINE('',#4628,#1124);
#697=LINE('',#4633,#1125);
#698=LINE('',#4637,#1126);
#699=LINE('',#4638,#1127);
#700=LINE('',#4643,#1128);
#701=LINE('',#4645,#1129);
#702=LINE('',#4646,#1130);
#703=LINE('',#4650,#1131);
#704=LINE('',#4652,#1132);
#705=LINE('',#4655,#1133);
#706=LINE('',#4656,#1134);
#707=LINE('',#4661,#1135);
#708=LINE('',#4663,#1136);
#709=LINE('',#4664,#1137);
#710=LINE('',#4667,#1138);
#711=LINE('',#4668,#1139);
#712=LINE('',#4671,#1140);
#713=LINE('',#4672,#1141);
#714=LINE('',#4674,#1142);
#715=LINE('',#4677,#1143);
#716=LINE('',#4679,#1144);
#717=LINE('',#4680,#1145);
#718=LINE('',#4683,#1146);
#719=LINE('',#4684,#1147);
#720=LINE('',#4687,#1148);
#721=LINE('',#4688,#1149);
#722=LINE('',#4691,#1150);
#723=LINE('',#4692,#1151);
#724=LINE('',#4695,#1152);
#725=LINE('',#4696,#1153);
#726=LINE('',#4699,#1154);
#727=LINE('',#4700,#1155);
#728=LINE('',#4703,#1156);
#729=LINE('',#4704,#1157);
#730=LINE('',#4707,#1158);
#731=LINE('',#4708,#1159);
#732=LINE('',#4711,#1160);
#733=LINE('',#4712,#1161);
#734=LINE('',#4715,#1162);
#735=LINE('',#4716,#1163);
#736=LINE('',#4719,#1164);
#737=LINE('',#4720,#1165);
#738=LINE('',#4722,#1166);
#739=LINE('',#4725,#1167);
#740=LINE('',#4727,#1168);
#741=LINE('',#4728,#1169);
#742=LINE('',#4731,#1170);
#743=LINE('',#4732,#1171);
#744=LINE('',#4735,#1172);
#745=LINE('',#4736,#1173);
#746=LINE('',#4739,#1174);
#747=LINE('',#4740,#1175);
#748=LINE('',#4743,#1176);
#749=LINE('',#4744,#1177);
#750=LINE('',#4747,#1178);
#751=LINE('',#4748,#1179);
#752=LINE('',#4751,#1180);
#753=LINE('',#4752,#1181);
#754=LINE('',#4755,#1182);
#755=LINE('',#4756,#1183);
#756=LINE('',#4759,#1184);
#757=LINE('',#4760,#1185);
#758=LINE('',#4763,#1186);
#759=LINE('',#4764,#1187);
#760=LINE('',#4767,#1188);
#761=LINE('',#4768,#1189);
#762=LINE('',#4770,#1190);
#763=LINE('',#4773,#1191);
#764=LINE('',#4775,#1192);
#765=LINE('',#4776,#1193);
#766=LINE('',#4779,#1194);
#767=LINE('',#4780,#1195);
#768=LINE('',#4783,#1196);
#769=LINE('',#4784,#1197);
#770=LINE('',#4787,#1198);
#771=LINE('',#4788,#1199);
#772=LINE('',#4791,#1200);
#773=LINE('',#4792,#1201);
#774=LINE('',#4795,#1202);
#775=LINE('',#4796,#1203);
#776=LINE('',#4799,#1204);
#777=LINE('',#4800,#1205);
#778=LINE('',#4803,#1206);
#779=LINE('',#4804,#1207);
#780=LINE('',#4807,#1208);
#781=LINE('',#4808,#1209);
#782=LINE('',#4811,#1210);
#783=LINE('',#4812,#1211);
#784=LINE('',#4815,#1212);
#785=LINE('',#4816,#1213);
#786=LINE('',#4818,#1214);
#787=LINE('',#4821,#1215);
#788=LINE('',#4823,#1216);
#789=LINE('',#4824,#1217);
#790=LINE('',#4827,#1218);
#791=LINE('',#4828,#1219);
#792=LINE('',#4831,#1220);
#793=LINE('',#4832,#1221);
#794=LINE('',#4835,#1222);
#795=LINE('',#4836,#1223);
#796=LINE('',#4839,#1224);
#797=LINE('',#4840,#1225);
#798=LINE('',#4843,#1226);
#799=LINE('',#4844,#1227);
#800=LINE('',#4847,#1228);
#801=LINE('',#4848,#1229);
#802=LINE('',#4851,#1230);
#803=LINE('',#4852,#1231);
#804=LINE('',#4855,#1232);
#805=LINE('',#4856,#1233);
#806=LINE('',#4859,#1234);
#807=LINE('',#4860,#1235);
#808=LINE('',#4863,#1236);
#809=LINE('',#4864,#1237);
#810=LINE('',#4866,#1238);
#811=LINE('',#4869,#1239);
#812=LINE('',#4871,#1240);
#813=LINE('',#4872,#1241);
#814=LINE('',#4875,#1242);
#815=LINE('',#4876,#1243);
#816=LINE('',#4879,#1244);
#817=LINE('',#4880,#1245);
#818=LINE('',#4883,#1246);
#819=LINE('',#4884,#1247);
#820=LINE('',#4887,#1248);
#821=LINE('',#4888,#1249);
#822=LINE('',#4891,#1250);
#823=LINE('',#4892,#1251);
#824=LINE('',#4895,#1252);
#825=LINE('',#4896,#1253);
#826=LINE('',#4899,#1254);
#827=LINE('',#4900,#1255);
#828=LINE('',#4903,#1256);
#829=LINE('',#4904,#1257);
#830=LINE('',#4907,#1258);
#831=LINE('',#4908,#1259);
#832=LINE('',#4911,#1260);
#833=LINE('',#4912,#1261);
#834=LINE('',#4914,#1262);
#835=LINE('',#4917,#1263);
#836=LINE('',#4919,#1264);
#837=LINE('',#4920,#1265);
#838=LINE('',#4923,#1266);
#839=LINE('',#4924,#1267);
#840=LINE('',#4927,#1268);
#841=LINE('',#4928,#1269);
#842=LINE('',#4931,#1270);
#843=LINE('',#4932,#1271);
#844=LINE('',#4935,#1272);
#845=LINE('',#4936,#1273);
#846=LINE('',#4939,#1274);
#847=LINE('',#4940,#1275);
#848=LINE('',#4943,#1276);
#849=LINE('',#4944,#1277);
#850=LINE('',#4947,#1278);
#851=LINE('',#4948,#1279);
#852=LINE('',#4951,#1280);
#853=LINE('',#4952,#1281);
#854=LINE('',#4955,#1282);
#855=LINE('',#4956,#1283);
#856=LINE('',#4959,#1284);
#857=LINE('',#4960,#1285);
#858=LINE('',#4962,#1286);
#859=LINE('',#4965,#1287);
#860=LINE('',#4967,#1288);
#861=LINE('',#4968,#1289);
#862=LINE('',#4971,#1290);
#863=LINE('',#4972,#1291);
#864=LINE('',#4975,#1292);
#865=LINE('',#4976,#1293);
#866=LINE('',#4979,#1294);
#867=LINE('',#4980,#1295);
#868=LINE('',#4983,#1296);
#869=LINE('',#4984,#1297);
#870=LINE('',#4987,#1298);
#871=LINE('',#4988,#1299);
#872=LINE('',#4991,#1300);
#873=LINE('',#4992,#1301);
#874=LINE('',#4995,#1302);
#875=LINE('',#4996,#1303);
#876=LINE('',#4999,#1304);
#877=LINE('',#5000,#1305);
#878=LINE('',#5003,#1306);
#879=LINE('',#5004,#1307);
#880=LINE('',#5007,#1308);
#881=LINE('',#5008,#1309);
#882=LINE('',#5010,#1310);
#883=LINE('',#5013,#1311);
#884=LINE('',#5015,#1312);
#885=LINE('',#5016,#1313);
#886=LINE('',#5019,#1314);
#887=LINE('',#5020,#1315);
#888=LINE('',#5023,#1316);
#889=LINE('',#5024,#1317);
#890=LINE('',#5027,#1318);
#891=LINE('',#5028,#1319);
#892=LINE('',#5031,#1320);
#893=LINE('',#5032,#1321);
#894=LINE('',#5035,#1322);
#895=LINE('',#5036,#1323);
#896=LINE('',#5039,#1324);
#897=LINE('',#5040,#1325);
#898=LINE('',#5043,#1326);
#899=LINE('',#5044,#1327);
#900=LINE('',#5047,#1328);
#901=LINE('',#5048,#1329);
#902=LINE('',#5051,#1330);
#903=LINE('',#5052,#1331);
#904=LINE('',#5055,#1332);
#905=LINE('',#5056,#1333);
#906=LINE('',#5058,#1334);
#907=LINE('',#5061,#1335);
#908=LINE('',#5063,#1336);
#909=LINE('',#5064,#1337);
#910=LINE('',#5067,#1338);
#911=LINE('',#5068,#1339);
#912=LINE('',#5071,#1340);
#913=LINE('',#5072,#1341);
#914=LINE('',#5075,#1342);
#915=LINE('',#5076,#1343);
#916=LINE('',#5079,#1344);
#917=LINE('',#5080,#1345);
#918=LINE('',#5083,#1346);
#919=LINE('',#5084,#1347);
#920=LINE('',#5087,#1348);
#921=LINE('',#5088,#1349);
#922=LINE('',#5091,#1350);
#923=LINE('',#5092,#1351);
#924=LINE('',#5095,#1352);
#925=LINE('',#5096,#1353);
#926=LINE('',#5099,#1354);
#927=LINE('',#5100,#1355);
#928=LINE('',#5103,#1356);
#929=LINE('',#5104,#1357);
#930=LINE('',#5106,#1358);
#931=LINE('',#5109,#1359);
#932=LINE('',#5111,#1360);
#933=LINE('',#5112,#1361);
#934=LINE('',#5115,#1362);
#935=LINE('',#5116,#1363);
#936=LINE('',#5119,#1364);
#937=LINE('',#5120,#1365);
#938=LINE('',#5123,#1366);
#939=LINE('',#5124,#1367);
#940=LINE('',#5127,#1368);
#941=LINE('',#5128,#1369);
#942=LINE('',#5131,#1370);
#943=LINE('',#5132,#1371);
#944=LINE('',#5135,#1372);
#945=LINE('',#5136,#1373);
#946=LINE('',#5139,#1374);
#947=LINE('',#5140,#1375);
#948=LINE('',#5143,#1376);
#949=LINE('',#5144,#1377);
#950=LINE('',#5147,#1378);
#951=LINE('',#5148,#1379);
#952=LINE('',#5151,#1380);
#953=LINE('',#5152,#1381);
#954=LINE('',#5154,#1382);
#955=VECTOR('',#3453,1.70000000000002);
#956=VECTOR('',#3460,1.7);
#957=VECTOR('',#3467,1.69999999999999);
#958=VECTOR('',#3474,1.7);
#959=VECTOR('',#3479,10.);
#960=VECTOR('',#3482,10.);
#961=VECTOR('',#3487,10.);
#962=VECTOR('',#3490,10.);
#963=VECTOR('',#3495,10.);
#964=VECTOR('',#3496,10.);
#965=VECTOR('',#3497,10.);
#966=VECTOR('',#3500,10.);
#967=VECTOR('',#3501,10.);
#968=VECTOR('',#3502,10.);
#969=VECTOR('',#3505,10.);
#970=VECTOR('',#3506,10.);
#971=VECTOR('',#3507,10.);
#972=VECTOR('',#3510,10.);
#973=VECTOR('',#3511,10.);
#974=VECTOR('',#3514,10.);
#975=VECTOR('',#3517,10.);
#976=VECTOR('',#3520,10.);
#977=VECTOR('',#3523,10.);
#978=VECTOR('',#3526,10.);
#979=VECTOR('',#3529,10.);
#980=VECTOR('',#3530,10.);
#981=VECTOR('',#3531,10.);
#982=VECTOR('',#3532,10.);
#983=VECTOR('',#3533,10.);
#984=VECTOR('',#3534,10.);
#985=VECTOR('',#3535,10.);
#986=VECTOR('',#3536,10.);
#987=VECTOR('',#3537,10.);
#988=VECTOR('',#3538,10.);
#989=VECTOR('',#3539,10.);
#990=VECTOR('',#3540,10.);
#991=VECTOR('',#3541,10.);
#992=VECTOR('',#3542,10.);
#993=VECTOR('',#3543,10.);
#994=VECTOR('',#3544,10.);
#995=VECTOR('',#3545,10.);
#996=VECTOR('',#3546,10.);
#997=VECTOR('',#3547,10.);
#998=VECTOR('',#3548,10.);
#999=VECTOR('',#3549,10.);
#1000=VECTOR('',#3550,10.);
#1001=VECTOR('',#3551,10.);
#1002=VECTOR('',#3552,10.);
#1003=VECTOR('',#3553,10.);
#1004=VECTOR('',#3554,10.);
#1005=VECTOR('',#3555,10.);
#1006=VECTOR('',#3556,10.);
#1007=VECTOR('',#3557,10.);
#1008=VECTOR('',#3558,10.);
#1009=VECTOR('',#3559,10.);
#1010=VECTOR('',#3560,10.);
#1011=VECTOR('',#3561,10.);
#1012=VECTOR('',#3562,10.);
#1013=VECTOR('',#3563,10.);
#1014=VECTOR('',#3564,10.);
#1015=VECTOR('',#3565,10.);
#1016=VECTOR('',#3566,10.);
#1017=VECTOR('',#3567,10.);
#1018=VECTOR('',#3568,10.);
#1019=VECTOR('',#3569,10.);
#1020=VECTOR('',#3570,10.);
#1021=VECTOR('',#3571,10.);
#1022=VECTOR('',#3572,10.);
#1023=VECTOR('',#3573,10.);
#1024=VECTOR('',#3574,10.);
#1025=VECTOR('',#3575,10.);
#1026=VECTOR('',#3576,10.);
#1027=VECTOR('',#3577,10.);
#1028=VECTOR('',#3578,10.);
#1029=VECTOR('',#3579,10.);
#1030=VECTOR('',#3580,10.);
#1031=VECTOR('',#3581,10.);
#1032=VECTOR('',#3582,10.);
#1033=VECTOR('',#3583,10.);
#1034=VECTOR('',#3584,10.);
#1035=VECTOR('',#3585,10.);
#1036=VECTOR('',#3586,10.);
#1037=VECTOR('',#3587,10.);
#1038=VECTOR('',#3588,10.);
#1039=VECTOR('',#3589,10.);
#1040=VECTOR('',#3590,10.);
#1041=VECTOR('',#3591,10.);
#1042=VECTOR('',#3592,10.);
#1043=VECTOR('',#3593,10.);
#1044=VECTOR('',#3594,10.);
#1045=VECTOR('',#3595,10.);
#1046=VECTOR('',#3596,10.);
#1047=VECTOR('',#3597,10.);
#1048=VECTOR('',#3598,10.);
#1049=VECTOR('',#3599,10.);
#1050=VECTOR('',#3600,10.);
#1051=VECTOR('',#3601,10.);
#1052=VECTOR('',#3602,10.);
#1053=VECTOR('',#3603,10.);
#1054=VECTOR('',#3604,10.);
#1055=VECTOR('',#3605,10.);
#1056=VECTOR('',#3606,10.);
#1057=VECTOR('',#3607,10.);
#1058=VECTOR('',#3608,10.);
#1059=VECTOR('',#3609,10.);
#1060=VECTOR('',#3610,10.);
#1061=VECTOR('',#3611,10.);
#1062=VECTOR('',#3612,10.);
#1063=VECTOR('',#3613,10.);
#1064=VECTOR('',#3614,10.);
#1065=VECTOR('',#3615,10.);
#1066=VECTOR('',#3616,10.);
#1067=VECTOR('',#3617,10.);
#1068=VECTOR('',#3618,10.);
#1069=VECTOR('',#3619,10.);
#1070=VECTOR('',#3620,10.);
#1071=VECTOR('',#3621,10.);
#1072=VECTOR('',#3622,10.);
#1073=VECTOR('',#3623,10.);
#1074=VECTOR('',#3624,10.);
#1075=VECTOR('',#3625,10.);
#1076=VECTOR('',#3626,10.);
#1077=VECTOR('',#3627,10.);
#1078=VECTOR('',#3628,10.);
#1079=VECTOR('',#3629,10.);
#1080=VECTOR('',#3630,10.);
#1081=VECTOR('',#3631,10.);
#1082=VECTOR('',#3632,10.);
#1083=VECTOR('',#3633,10.);
#1084=VECTOR('',#3634,10.);
#1085=VECTOR('',#3635,10.);
#1086=VECTOR('',#3636,10.);
#1087=VECTOR('',#3637,10.);
#1088=VECTOR('',#3638,10.);
#1089=VECTOR('',#3639,10.);
#1090=VECTOR('',#3640,10.);
#1091=VECTOR('',#3641,10.);
#1092=VECTOR('',#3642,10.);
#1093=VECTOR('',#3643,10.);
#1094=VECTOR('',#3644,10.);
#1095=VECTOR('',#3645,10.);
#1096=VECTOR('',#3646,10.);
#1097=VECTOR('',#3647,10.);
#1098=VECTOR('',#3648,10.);
#1099=VECTOR('',#3649,10.);
#1100=VECTOR('',#3650,10.);
#1101=VECTOR('',#3651,10.);
#1102=VECTOR('',#3652,10.);
#1103=VECTOR('',#3655,10.);
#1104=VECTOR('',#3656,10.);
#1105=VECTOR('',#3657,10.);
#1106=VECTOR('',#3660,10.);
#1107=VECTOR('',#3663,10.);
#1108=VECTOR('',#3664,10.);
#1109=VECTOR('',#3665,10.);
#1110=VECTOR('',#3670,10.);
#1111=VECTOR('',#3673,10.);
#1112=VECTOR('',#3674,10.);
#1113=VECTOR('',#3679,10.);
#1114=VECTOR('',#3682,10.);
#1115=VECTOR('',#3683,10.);
#1116=VECTOR('',#3686,10.);
#1117=VECTOR('',#3689,10.);
#1118=VECTOR('',#3690,10.);
#1119=VECTOR('',#3693,10.);
#1120=VECTOR('',#3694,10.);
#1121=VECTOR('',#3695,10.);
#1122=VECTOR('',#3698,10.);
#1123=VECTOR('',#3703,10.);
#1124=VECTOR('',#3704,10.);
#1125=VECTOR('',#3711,10.);
#1126=VECTOR('',#3716,10.);
#1127=VECTOR('',#3717,10.);
#1128=VECTOR('',#3724,10.);
#1129=VECTOR('',#3725,10.);
#1130=VECTOR('',#3726,10.);
#1131=VECTOR('',#3731,10.);
#1132=VECTOR('',#3734,10.);
#1133=VECTOR('',#3737,10.);
#1134=VECTOR('',#3738,10.);
#1135=VECTOR('',#3745,10.);
#1136=VECTOR('',#3746,10.);
#1137=VECTOR('',#3747,10.);
#1138=VECTOR('',#3750,10.);
#1139=VECTOR('',#3751,10.);
#1140=VECTOR('',#3754,10.);
#1141=VECTOR('',#3755,10.);
#1142=VECTOR('',#3758,10.);
#1143=VECTOR('',#3761,10.);
#1144=VECTOR('',#3762,10.);
#1145=VECTOR('',#3763,10.);
#1146=VECTOR('',#3766,10.);
#1147=VECTOR('',#3767,10.);
#1148=VECTOR('',#3770,10.);
#1149=VECTOR('',#3771,10.);
#1150=VECTOR('',#3774,10.);
#1151=VECTOR('',#3775,10.);
#1152=VECTOR('',#3778,10.);
#1153=VECTOR('',#3779,10.);
#1154=VECTOR('',#3782,10.);
#1155=VECTOR('',#3783,10.);
#1156=VECTOR('',#3786,10.);
#1157=VECTOR('',#3787,10.);
#1158=VECTOR('',#3790,10.);
#1159=VECTOR('',#3791,10.);
#1160=VECTOR('',#3794,10.);
#1161=VECTOR('',#3795,10.);
#1162=VECTOR('',#3798,10.);
#1163=VECTOR('',#3799,10.);
#1164=VECTOR('',#3802,10.);
#1165=VECTOR('',#3803,10.);
#1166=VECTOR('',#3806,10.);
#1167=VECTOR('',#3809,10.);
#1168=VECTOR('',#3810,10.);
#1169=VECTOR('',#3811,10.);
#1170=VECTOR('',#3814,10.);
#1171=VECTOR('',#3815,10.);
#1172=VECTOR('',#3818,10.);
#1173=VECTOR('',#3819,10.);
#1174=VECTOR('',#3822,10.);
#1175=VECTOR('',#3823,10.);
#1176=VECTOR('',#3826,10.);
#1177=VECTOR('',#3827,10.);
#1178=VECTOR('',#3830,10.);
#1179=VECTOR('',#3831,10.);
#1180=VECTOR('',#3834,10.);
#1181=VECTOR('',#3835,10.);
#1182=VECTOR('',#3838,10.);
#1183=VECTOR('',#3839,10.);
#1184=VECTOR('',#3842,10.);
#1185=VECTOR('',#3843,10.);
#1186=VECTOR('',#3846,10.);
#1187=VECTOR('',#3847,10.);
#1188=VECTOR('',#3850,10.);
#1189=VECTOR('',#3851,10.);
#1190=VECTOR('',#3854,10.);
#1191=VECTOR('',#3857,10.);
#1192=VECTOR('',#3858,10.);
#1193=VECTOR('',#3859,10.);
#1194=VECTOR('',#3862,10.);
#1195=VECTOR('',#3863,10.);
#1196=VECTOR('',#3866,10.);
#1197=VECTOR('',#3867,10.);
#1198=VECTOR('',#3870,10.);
#1199=VECTOR('',#3871,10.);
#1200=VECTOR('',#3874,10.);
#1201=VECTOR('',#3875,10.);
#1202=VECTOR('',#3878,10.);
#1203=VECTOR('',#3879,10.);
#1204=VECTOR('',#3882,10.);
#1205=VECTOR('',#3883,10.);
#1206=VECTOR('',#3886,10.);
#1207=VECTOR('',#3887,10.);
#1208=VECTOR('',#3890,10.);
#1209=VECTOR('',#3891,10.);
#1210=VECTOR('',#3894,10.);
#1211=VECTOR('',#3895,10.);
#1212=VECTOR('',#3898,10.);
#1213=VECTOR('',#3899,10.);
#1214=VECTOR('',#3902,10.);
#1215=VECTOR('',#3905,10.);
#1216=VECTOR('',#3906,10.);
#1217=VECTOR('',#3907,10.);
#1218=VECTOR('',#3910,10.);
#1219=VECTOR('',#3911,10.);
#1220=VECTOR('',#3914,10.);
#1221=VECTOR('',#3915,10.);
#1222=VECTOR('',#3918,10.);
#1223=VECTOR('',#3919,10.);
#1224=VECTOR('',#3922,10.);
#1225=VECTOR('',#3923,10.);
#1226=VECTOR('',#3926,10.);
#1227=VECTOR('',#3927,10.);
#1228=VECTOR('',#3930,10.);
#1229=VECTOR('',#3931,10.);
#1230=VECTOR('',#3934,10.);
#1231=VECTOR('',#3935,10.);
#1232=VECTOR('',#3938,10.);
#1233=VECTOR('',#3939,10.);
#1234=VECTOR('',#3942,10.);
#1235=VECTOR('',#3943,10.);
#1236=VECTOR('',#3946,10.);
#1237=VECTOR('',#3947,10.);
#1238=VECTOR('',#3950,10.);
#1239=VECTOR('',#3953,10.);
#1240=VECTOR('',#3954,10.);
#1241=VECTOR('',#3955,10.);
#1242=VECTOR('',#3958,10.);
#1243=VECTOR('',#3959,10.);
#1244=VECTOR('',#3962,10.);
#1245=VECTOR('',#3963,10.);
#1246=VECTOR('',#3966,10.);
#1247=VECTOR('',#3967,10.);
#1248=VECTOR('',#3970,10.);
#1249=VECTOR('',#3971,10.);
#1250=VECTOR('',#3974,10.);
#1251=VECTOR('',#3975,10.);
#1252=VECTOR('',#3978,10.);
#1253=VECTOR('',#3979,10.);
#1254=VECTOR('',#3982,10.);
#1255=VECTOR('',#3983,10.);
#1256=VECTOR('',#3986,10.);
#1257=VECTOR('',#3987,10.);
#1258=VECTOR('',#3990,10.);
#1259=VECTOR('',#3991,10.);
#1260=VECTOR('',#3994,10.);
#1261=VECTOR('',#3995,10.);
#1262=VECTOR('',#3998,10.);
#1263=VECTOR('',#4001,10.);
#1264=VECTOR('',#4002,10.);
#1265=VECTOR('',#4003,10.);
#1266=VECTOR('',#4006,10.);
#1267=VECTOR('',#4007,10.);
#1268=VECTOR('',#4010,10.);
#1269=VECTOR('',#4011,10.);
#1270=VECTOR('',#4014,10.);
#1271=VECTOR('',#4015,10.);
#1272=VECTOR('',#4018,10.);
#1273=VECTOR('',#4019,10.);
#1274=VECTOR('',#4022,10.);
#1275=VECTOR('',#4023,10.);
#1276=VECTOR('',#4026,10.);
#1277=VECTOR('',#4027,10.);
#1278=VECTOR('',#4030,10.);
#1279=VECTOR('',#4031,10.);
#1280=VECTOR('',#4034,10.);
#1281=VECTOR('',#4035,10.);
#1282=VECTOR('',#4038,10.);
#1283=VECTOR('',#4039,10.);
#1284=VECTOR('',#4042,10.);
#1285=VECTOR('',#4043,10.);
#1286=VECTOR('',#4046,10.);
#1287=VECTOR('',#4049,10.);
#1288=VECTOR('',#4050,10.);
#1289=VECTOR('',#4051,10.);
#1290=VECTOR('',#4054,10.);
#1291=VECTOR('',#4055,10.);
#1292=VECTOR('',#4058,10.);
#1293=VECTOR('',#4059,10.);
#1294=VECTOR('',#4062,10.);
#1295=VECTOR('',#4063,10.);
#1296=VECTOR('',#4066,10.);
#1297=VECTOR('',#4067,10.);
#1298=VECTOR('',#4070,10.);
#1299=VECTOR('',#4071,10.);
#1300=VECTOR('',#4074,10.);
#1301=VECTOR('',#4075,10.);
#1302=VECTOR('',#4078,10.);
#1303=VECTOR('',#4079,10.);
#1304=VECTOR('',#4082,10.);
#1305=VECTOR('',#4083,10.);
#1306=VECTOR('',#4086,10.);
#1307=VECTOR('',#4087,10.);
#1308=VECTOR('',#4090,10.);
#1309=VECTOR('',#4091,10.);
#1310=VECTOR('',#4094,10.);
#1311=VECTOR('',#4097,10.);
#1312=VECTOR('',#4098,10.);
#1313=VECTOR('',#4099,10.);
#1314=VECTOR('',#4102,10.);
#1315=VECTOR('',#4103,10.);
#1316=VECTOR('',#4106,10.);
#1317=VECTOR('',#4107,10.);
#1318=VECTOR('',#4110,10.);
#1319=VECTOR('',#4111,10.);
#1320=VECTOR('',#4114,10.);
#1321=VECTOR('',#4115,10.);
#1322=VECTOR('',#4118,10.);
#1323=VECTOR('',#4119,10.);
#1324=VECTOR('',#4122,10.);
#1325=VECTOR('',#4123,10.);
#1326=VECTOR('',#4126,10.);
#1327=VECTOR('',#4127,10.);
#1328=VECTOR('',#4130,10.);
#1329=VECTOR('',#4131,10.);
#1330=VECTOR('',#4134,10.);
#1331=VECTOR('',#4135,10.);
#1332=VECTOR('',#4138,10.);
#1333=VECTOR('',#4139,10.);
#1334=VECTOR('',#4142,10.);
#1335=VECTOR('',#4145,10.);
#1336=VECTOR('',#4146,10.);
#1337=VECTOR('',#4147,10.);
#1338=VECTOR('',#4150,10.);
#1339=VECTOR('',#4151,10.);
#1340=VECTOR('',#4154,10.);
#1341=VECTOR('',#4155,10.);
#1342=VECTOR('',#4158,10.);
#1343=VECTOR('',#4159,10.);
#1344=VECTOR('',#4162,10.);
#1345=VECTOR('',#4163,10.);
#1346=VECTOR('',#4166,10.);
#1347=VECTOR('',#4167,10.);
#1348=VECTOR('',#4170,10.);
#1349=VECTOR('',#4171,10.);
#1350=VECTOR('',#4174,10.);
#1351=VECTOR('',#4175,10.);
#1352=VECTOR('',#4178,10.);
#1353=VECTOR('',#4179,10.);
#1354=VECTOR('',#4182,10.);
#1355=VECTOR('',#4183,10.);
#1356=VECTOR('',#4186,10.);
#1357=VECTOR('',#4187,10.);
#1358=VECTOR('',#4190,10.);
#1359=VECTOR('',#4193,10.);
#1360=VECTOR('',#4194,10.);
#1361=VECTOR('',#4195,10.);
#1362=VECTOR('',#4198,10.);
#1363=VECTOR('',#4199,10.);
#1364=VECTOR('',#4202,10.);
#1365=VECTOR('',#4203,10.);
#1366=VECTOR('',#4206,10.);
#1367=VECTOR('',#4207,10.);
#1368=VECTOR('',#4210,10.);
#1369=VECTOR('',#4211,10.);
#1370=VECTOR('',#4214,10.);
#1371=VECTOR('',#4215,10.);
#1372=VECTOR('',#4218,10.);
#1373=VECTOR('',#4219,10.);
#1374=VECTOR('',#4222,10.);
#1375=VECTOR('',#4223,10.);
#1376=VECTOR('',#4226,10.);
#1377=VECTOR('',#4227,10.);
#1378=VECTOR('',#4230,10.);
#1379=VECTOR('',#4231,10.);
#1380=VECTOR('',#4234,10.);
#1381=VECTOR('',#4235,10.);
#1382=VECTOR('',#4238,10.);
#1383=CIRCLE('',#3266,1.70000000000002);
#1384=CIRCLE('',#3267,1.70000000000002);
#1385=CIRCLE('',#3269,1.7);
#1386=CIRCLE('',#3270,1.7);
#1387=CIRCLE('',#3272,1.69999999999999);
#1388=CIRCLE('',#3273,1.69999999999999);
#1389=CIRCLE('',#3275,1.7);
#1390=CIRCLE('',#3276,1.7);
#1391=CIRCLE('',#3278,2.75);
#1392=CIRCLE('',#3279,2.75);
#1393=CIRCLE('',#3281,2.75);
#1394=CIRCLE('',#3282,2.75);
#1395=CIRCLE('',#3287,1.88);
#1396=CIRCLE('',#3288,1.88);
#1397=CIRCLE('',#3289,5.00000000000002);
#1398=CIRCLE('',#3290,5.00000000000002);
#1399=CIRCLE('',#3291,5.00000000000001);
#1400=CIRCLE('',#3292,5.);
#1401=CIRCLE('',#3293,0.700000000000002);
#1402=CIRCLE('',#3294,0.699999999999998);
#1403=CIRCLE('',#3297,0.699999999999998);
#1404=CIRCLE('',#3300,0.700000000000002);
#1405=CIRCLE('',#3306,5.00000000000002);
#1406=CIRCLE('',#3309,5.00000000000002);
#1407=CIRCLE('',#3311,5.);
#1408=CIRCLE('',#3314,5.00000000000001);
#1409=CIRCLE('',#3317,1.88);
#1410=CIRCLE('',#3321,1.88);
#1411=VERTEX_POINT('',#4243);
#1412=VERTEX_POINT('',#4245);
#1413=VERTEX_POINT('',#4249);
#1414=VERTEX_POINT('',#4251);
#1415=VERTEX_POINT('',#4255);
#1416=VERTEX_POINT('',#4257);
#1417=VERTEX_POINT('',#4261);
#1418=VERTEX_POINT('',#4263);
#1419=VERTEX_POINT('',#4267);
#1420=VERTEX_POINT('',#4268);
#1421=VERTEX_POINT('',#4270);
#1422=VERTEX_POINT('',#4272);
#1423=VERTEX_POINT('',#4276);
#1424=VERTEX_POINT('',#4277);
#1425=VERTEX_POINT('',#4279);
#1426=VERTEX_POINT('',#4281);
#1427=VERTEX_POINT('',#4285);
#1428=VERTEX_POINT('',#4287);
#1429=VERTEX_POINT('',#4291);
#1430=VERTEX_POINT('',#4293);
#1431=VERTEX_POINT('',#4297);
#1432=VERTEX_POINT('',#4299);
#1433=VERTEX_POINT('',#4303);
#1434=VERTEX_POINT('',#4305);
#1435=VERTEX_POINT('',#4307);
#1436=VERTEX_POINT('',#4309);
#1437=VERTEX_POINT('',#4311);
#1438=VERTEX_POINT('',#4314);
#1439=VERTEX_POINT('',#4316);
#1440=VERTEX_POINT('',#4318);
#1441=VERTEX_POINT('',#4320);
#1442=VERTEX_POINT('',#4322);
#1443=VERTEX_POINT('',#4324);
#1444=VERTEX_POINT('',#4327);
#1445=VERTEX_POINT('',#4328);
#1446=VERTEX_POINT('',#4330);
#1447=VERTEX_POINT('',#4332);
#1448=VERTEX_POINT('',#4334);
#1449=VERTEX_POINT('',#4336);
#1450=VERTEX_POINT('',#4338);
#1451=VERTEX_POINT('',#4340);
#1452=VERTEX_POINT('',#4342);
#1453=VERTEX_POINT('',#4344);
#1454=VERTEX_POINT('',#4346);
#1455=VERTEX_POINT('',#4348);
#1456=VERTEX_POINT('',#4351);
#1457=VERTEX_POINT('',#4352);
#1458=VERTEX_POINT('',#4354);
#1459=VERTEX_POINT('',#4356);
#1460=VERTEX_POINT('',#4358);
#1461=VERTEX_POINT('',#4360);
#1462=VERTEX_POINT('',#4362);
#1463=VERTEX_POINT('',#4364);
#1464=VERTEX_POINT('',#4366);
#1465=VERTEX_POINT('',#4368);
#1466=VERTEX_POINT('',#4370);
#1467=VERTEX_POINT('',#4372);
#1468=VERTEX_POINT('',#4375);
#1469=VERTEX_POINT('',#4376);
#1470=VERTEX_POINT('',#4378);
#1471=VERTEX_POINT('',#4380);
#1472=VERTEX_POINT('',#4382);
#1473=VERTEX_POINT('',#4384);
#1474=VERTEX_POINT('',#4386);
#1475=VERTEX_POINT('',#4388);
#1476=VERTEX_POINT('',#4390);
#1477=VERTEX_POINT('',#4392);
#1478=VERTEX_POINT('',#4394);
#1479=VERTEX_POINT('',#4396);
#1480=VERTEX_POINT('',#4399);
#1481=VERTEX_POINT('',#4400);
#1482=VERTEX_POINT('',#4402);
#1483=VERTEX_POINT('',#4404);
#1484=VERTEX_POINT('',#4406);
#1485=VERTEX_POINT('',#4408);
#1486=VERTEX_POINT('',#4410);
#1487=VERTEX_POINT('',#4412);
#1488=VERTEX_POINT('',#4414);
#1489=VERTEX_POINT('',#4416);
#1490=VERTEX_POINT('',#4418);
#1491=VERTEX_POINT('',#4420);
#1492=VERTEX_POINT('',#4423);
#1493=VERTEX_POINT('',#4424);
#1494=VERTEX_POINT('',#4426);
#1495=VERTEX_POINT('',#4428);
#1496=VERTEX_POINT('',#4430);
#1497=VERTEX_POINT('',#4432);
#1498=VERTEX_POINT('',#4434);
#1499=VERTEX_POINT('',#4436);
#1500=VERTEX_POINT('',#4438);
#1501=VERTEX_POINT('',#4440);
#1502=VERTEX_POINT('',#4442);
#1503=VERTEX_POINT('',#4444);
#1504=VERTEX_POINT('',#4447);
#1505=VERTEX_POINT('',#4448);
#1506=VERTEX_POINT('',#4450);
#1507=VERTEX_POINT('',#4452);
#1508=VERTEX_POINT('',#4454);
#1509=VERTEX_POINT('',#4456);
#1510=VERTEX_POINT('',#4458);
#1511=VERTEX_POINT('',#4460);
#1512=VERTEX_POINT('',#4462);
#1513=VERTEX_POINT('',#4464);
#1514=VERTEX_POINT('',#4466);
#1515=VERTEX_POINT('',#4468);
#1516=VERTEX_POINT('',#4471);
#1517=VERTEX_POINT('',#4472);
#1518=VERTEX_POINT('',#4474);
#1519=VERTEX_POINT('',#4476);
#1520=VERTEX_POINT('',#4478);
#1521=VERTEX_POINT('',#4480);
#1522=VERTEX_POINT('',#4482);
#1523=VERTEX_POINT('',#4484);
#1524=VERTEX_POINT('',#4486);
#1525=VERTEX_POINT('',#4488);
#1526=VERTEX_POINT('',#4490);
#1527=VERTEX_POINT('',#4492);
#1528=VERTEX_POINT('',#4495);
#1529=VERTEX_POINT('',#4496);
#1530=VERTEX_POINT('',#4498);
#1531=VERTEX_POINT('',#4500);
#1532=VERTEX_POINT('',#4502);
#1533=VERTEX_POINT('',#4504);
#1534=VERTEX_POINT('',#4506);
#1535=VERTEX_POINT('',#4508);
#1536=VERTEX_POINT('',#4510);
#1537=VERTEX_POINT('',#4512);
#1538=VERTEX_POINT('',#4514);
#1539=VERTEX_POINT('',#4516);
#1540=VERTEX_POINT('',#4519);
#1541=VERTEX_POINT('',#4520);
#1542=VERTEX_POINT('',#4522);
#1543=VERTEX_POINT('',#4524);
#1544=VERTEX_POINT('',#4526);
#1545=VERTEX_POINT('',#4528);
#1546=VERTEX_POINT('',#4530);
#1547=VERTEX_POINT('',#4532);
#1548=VERTEX_POINT('',#4534);
#1549=VERTEX_POINT('',#4536);
#1550=VERTEX_POINT('',#4538);
#1551=VERTEX_POINT('',#4540);
#1552=VERTEX_POINT('',#4543);
#1553=VERTEX_POINT('',#4544);
#1554=VERTEX_POINT('',#4546);
#1555=VERTEX_POINT('',#4548);
#1556=VERTEX_POINT('',#4550);
#1557=VERTEX_POINT('',#4552);
#1558=VERTEX_POINT('',#4554);
#1559=VERTEX_POINT('',#4556);
#1560=VERTEX_POINT('',#4558);
#1561=VERTEX_POINT('',#4560);
#1562=VERTEX_POINT('',#4562);
#1563=VERTEX_POINT('',#4564);
#1564=VERTEX_POINT('',#4567);
#1565=VERTEX_POINT('',#4568);
#1566=VERTEX_POINT('',#4570);
#1567=VERTEX_POINT('',#4572);
#1568=VERTEX_POINT('',#4575);
#1569=VERTEX_POINT('',#4576);
#1570=VERTEX_POINT('',#4578);
#1571=VERTEX_POINT('',#4580);
#1572=VERTEX_POINT('',#4582);
#1573=VERTEX_POINT('',#4584);
#1574=VERTEX_POINT('',#4588);
#1575=VERTEX_POINT('',#4590);
#1576=VERTEX_POINT('',#4594);
#1577=VERTEX_POINT('',#4598);
#1578=VERTEX_POINT('',#4602);
#1579=VERTEX_POINT('',#4606);
#1580=VERTEX_POINT('',#4612);
#1581=VERTEX_POINT('',#4616);
#1582=VERTEX_POINT('',#4618);
#1583=VERTEX_POINT('',#4622);
#1584=VERTEX_POINT('',#4626);
#1585=VERTEX_POINT('',#4632);
#1586=VERTEX_POINT('',#4636);
#1587=VERTEX_POINT('',#4642);
#1588=VERTEX_POINT('',#4644);
#1589=VERTEX_POINT('',#4648);
#1590=VERTEX_POINT('',#4654);
#1591=VERTEX_POINT('',#4660);
#1592=VERTEX_POINT('',#4662);
#1593=VERTEX_POINT('',#4666);
#1594=VERTEX_POINT('',#4670);
#1595=VERTEX_POINT('',#4676);
#1596=VERTEX_POINT('',#4678);
#1597=VERTEX_POINT('',#4682);
#1598=VERTEX_POINT('',#4686);
#1599=VERTEX_POINT('',#4690);
#1600=VERTEX_POINT('',#4694);
#1601=VERTEX_POINT('',#4698);
#1602=VERTEX_POINT('',#4702);
#1603=VERTEX_POINT('',#4706);
#1604=VERTEX_POINT('',#4710);
#1605=VERTEX_POINT('',#4714);
#1606=VERTEX_POINT('',#4718);
#1607=VERTEX_POINT('',#4724);
#1608=VERTEX_POINT('',#4726);
#1609=VERTEX_POINT('',#4730);
#1610=VERTEX_POINT('',#4734);
#1611=VERTEX_POINT('',#4738);
#1612=VERTEX_POINT('',#4742);
#1613=VERTEX_POINT('',#4746);
#1614=VERTEX_POINT('',#4750);
#1615=VERTEX_POINT('',#4754);
#1616=VERTEX_POINT('',#4758);
#1617=VERTEX_POINT('',#4762);
#1618=VERTEX_POINT('',#4766);
#1619=VERTEX_POINT('',#4772);
#1620=VERTEX_POINT('',#4774);
#1621=VERTEX_POINT('',#4778);
#1622=VERTEX_POINT('',#4782);
#1623=VERTEX_POINT('',#4786);
#1624=VERTEX_POINT('',#4790);
#1625=VERTEX_POINT('',#4794);
#1626=VERTEX_POINT('',#4798);
#1627=VERTEX_POINT('',#4802);
#1628=VERTEX_POINT('',#4806);
#1629=VERTEX_POINT('',#4810);
#1630=VERTEX_POINT('',#4814);
#1631=VERTEX_POINT('',#4820);
#1632=VERTEX_POINT('',#4822);
#1633=VERTEX_POINT('',#4826);
#1634=VERTEX_POINT('',#4830);
#1635=VERTEX_POINT('',#4834);
#1636=VERTEX_POINT('',#4838);
#1637=VERTEX_POINT('',#4842);
#1638=VERTEX_POINT('',#4846);
#1639=VERTEX_POINT('',#4850);
#1640=VERTEX_POINT('',#4854);
#1641=VERTEX_POINT('',#4858);
#1642=VERTEX_POINT('',#4862);
#1643=VERTEX_POINT('',#4868);
#1644=VERTEX_POINT('',#4870);
#1645=VERTEX_POINT('',#4874);
#1646=VERTEX_POINT('',#4878);
#1647=VERTEX_POINT('',#4882);
#1648=VERTEX_POINT('',#4886);
#1649=VERTEX_POINT('',#4890);
#1650=VERTEX_POINT('',#4894);
#1651=VERTEX_POINT('',#4898);
#1652=VERTEX_POINT('',#4902);
#1653=VERTEX_POINT('',#4906);
#1654=VERTEX_POINT('',#4910);
#1655=VERTEX_POINT('',#4916);
#1656=VERTEX_POINT('',#4918);
#1657=VERTEX_POINT('',#4922);
#1658=VERTEX_POINT('',#4926);
#1659=VERTEX_POINT('',#4930);
#1660=VERTEX_POINT('',#4934);
#1661=VERTEX_POINT('',#4938);
#1662=VERTEX_POINT('',#4942);
#1663=VERTEX_POINT('',#4946);
#1664=VERTEX_POINT('',#4950);
#1665=VERTEX_POINT('',#4954);
#1666=VERTEX_POINT('',#4958);
#1667=VERTEX_POINT('',#4964);
#1668=VERTEX_POINT('',#4966);
#1669=VERTEX_POINT('',#4970);
#1670=VERTEX_POINT('',#4974);
#1671=VERTEX_POINT('',#4978);
#1672=VERTEX_POINT('',#4982);
#1673=VERTEX_POINT('',#4986);
#1674=VERTEX_POINT('',#4990);
#1675=VERTEX_POINT('',#4994);
#1676=VERTEX_POINT('',#4998);
#1677=VERTEX_POINT('',#5002);
#1678=VERTEX_POINT('',#5006);
#1679=VERTEX_POINT('',#5012);
#1680=VERTEX_POINT('',#5014);
#1681=VERTEX_POINT('',#5018);
#1682=VERTEX_POINT('',#5022);
#1683=VERTEX_POINT('',#5026);
#1684=VERTEX_POINT('',#5030);
#1685=VERTEX_POINT('',#5034);
#1686=VERTEX_POINT('',#5038);
#1687=VERTEX_POINT('',#5042);
#1688=VERTEX_POINT('',#5046);
#1689=VERTEX_POINT('',#5050);
#1690=VERTEX_POINT('',#5054);
#1691=VERTEX_POINT('',#5060);
#1692=VERTEX_POINT('',#5062);
#1693=VERTEX_POINT('',#5066);
#1694=VERTEX_POINT('',#5070);
#1695=VERTEX_POINT('',#5074);
#1696=VERTEX_POINT('',#5078);
#1697=VERTEX_POINT('',#5082);
#1698=VERTEX_POINT('',#5086);
#1699=VERTEX_POINT('',#5090);
#1700=VERTEX_POINT('',#5094);
#1701=VERTEX_POINT('',#5098);
#1702=VERTEX_POINT('',#5102);
#1703=VERTEX_POINT('',#5108);
#1704=VERTEX_POINT('',#5110);
#1705=VERTEX_POINT('',#5114);
#1706=VERTEX_POINT('',#5118);
#1707=VERTEX_POINT('',#5122);
#1708=VERTEX_POINT('',#5126);
#1709=VERTEX_POINT('',#5130);
#1710=VERTEX_POINT('',#5134);
#1711=VERTEX_POINT('',#5138);
#1712=VERTEX_POINT('',#5142);
#1713=VERTEX_POINT('',#5146);
#1714=VERTEX_POINT('',#5150);
#1715=EDGE_CURVE('',#1411,#1411,#1383,.T.);
#1716=EDGE_CURVE('',#1411,#1412,#527,.T.);
#1717=EDGE_CURVE('',#1412,#1412,#1384,.T.);
#1718=EDGE_CURVE('',#1413,#1413,#1385,.T.);
#1719=EDGE_CURVE('',#1413,#1414,#528,.T.);
#1720=EDGE_CURVE('',#1414,#1414,#1386,.T.);
#1721=EDGE_CURVE('',#1415,#1415,#1387,.T.);
#1722=EDGE_CURVE('',#1415,#1416,#529,.T.);
#1723=EDGE_CURVE('',#1416,#1416,#1388,.T.);
#1724=EDGE_CURVE('',#1417,#1417,#1389,.T.);
#1725=EDGE_CURVE('',#1417,#1418,#530,.T.);
#1726=EDGE_CURVE('',#1418,#1418,#1390,.T.);
#1727=EDGE_CURVE('',#1419,#1420,#531,.T.);
#1728=EDGE_CURVE('',#1421,#1419,#1391,.T.);
#1729=EDGE_CURVE('',#1422,#1421,#532,.T.);
#1730=EDGE_CURVE('',#1420,#1422,#1392,.T.);
#1731=EDGE_CURVE('',#1423,#1424,#533,.T.);
#1732=EDGE_CURVE('',#1425,#1423,#1393,.T.);
#1733=EDGE_CURVE('',#1426,#1425,#534,.T.);
#1734=EDGE_CURVE('',#1424,#1426,#1394,.T.);
#1735=EDGE_CURVE('',#1419,#1427,#535,.T.);
#1736=EDGE_CURVE('',#1427,#1428,#536,.T.);
#1737=EDGE_CURVE('',#1428,#1421,#537,.T.);
#1738=EDGE_CURVE('',#1426,#1429,#538,.T.);
#1739=EDGE_CURVE('',#1430,#1429,#539,.T.);
#1740=EDGE_CURVE('',#1430,#1424,#540,.T.);
#1741=EDGE_CURVE('',#1422,#1431,#541,.T.);
#1742=EDGE_CURVE('',#1432,#1431,#542,.T.);
#1743=EDGE_CURVE('',#1420,#1432,#543,.T.);
#1744=EDGE_CURVE('',#1433,#1425,#544,.T.);
#1745=EDGE_CURVE('',#1433,#1434,#545,.T.);
#1746=EDGE_CURVE('',#1434,#1435,#1395,.T.);
#1747=EDGE_CURVE('',#1435,#1436,#546,.T.);
#1748=EDGE_CURVE('',#1436,#1437,#1396,.T.);
#1749=EDGE_CURVE('',#1437,#1431,#547,.T.);
#1750=EDGE_CURVE('',#1438,#1428,#1397,.T.);
#1751=EDGE_CURVE('',#1439,#1438,#548,.T.);
#1752=EDGE_CURVE('',#1440,#1439,#1398,.T.);
#1753=EDGE_CURVE('',#1441,#1440,#549,.T.);
#1754=EDGE_CURVE('',#1442,#1441,#1399,.T.);
#1755=EDGE_CURVE('',#1443,#1442,#550,.T.);
#1756=EDGE_CURVE('',#1429,#1443,#1400,.T.);
#1757=EDGE_CURVE('',#1444,#1445,#551,.T.);
#1758=EDGE_CURVE('',#1446,#1444,#552,.T.);
#1759=EDGE_CURVE('',#1447,#1446,#553,.T.);
#1760=EDGE_CURVE('',#1448,#1447,#554,.T.);
#1761=EDGE_CURVE('',#1449,#1448,#555,.T.);
#1762=EDGE_CURVE('',#1450,#1449,#556,.T.);
#1763=EDGE_CURVE('',#1451,#1450,#557,.T.);
#1764=EDGE_CURVE('',#1452,#1451,#558,.T.);
#1765=EDGE_CURVE('',#1453,#1452,#559,.T.);
#1766=EDGE_CURVE('',#1454,#1453,#560,.T.);
#1767=EDGE_CURVE('',#1455,#1454,#561,.T.);
#1768=EDGE_CURVE('',#1445,#1455,#562,.T.);
#1769=EDGE_CURVE('',#1456,#1457,#563,.T.);
#1770=EDGE_CURVE('',#1458,#1456,#564,.T.);
#1771=EDGE_CURVE('',#1459,#1458,#565,.T.);
#1772=EDGE_CURVE('',#1460,#1459,#566,.T.);
#1773=EDGE_CURVE('',#1461,#1460,#567,.T.);
#1774=EDGE_CURVE('',#1462,#1461,#568,.T.);
#1775=EDGE_CURVE('',#1463,#1462,#569,.T.);
#1776=EDGE_CURVE('',#1464,#1463,#570,.T.);
#1777=EDGE_CURVE('',#1465,#1464,#571,.T.);
#1778=EDGE_CURVE('',#1466,#1465,#572,.T.);
#1779=EDGE_CURVE('',#1467,#1466,#573,.T.);
#1780=EDGE_CURVE('',#1457,#1467,#574,.T.);
#1781=EDGE_CURVE('',#1468,#1469,#575,.T.);
#1782=EDGE_CURVE('',#1470,#1468,#576,.T.);
#1783=EDGE_CURVE('',#1471,#1470,#577,.T.);
#1784=EDGE_CURVE('',#1472,#1471,#578,.T.);
#1785=EDGE_CURVE('',#1473,#1472,#579,.T.);
#1786=EDGE_CURVE('',#1474,#1473,#580,.T.);
#1787=EDGE_CURVE('',#1475,#1474,#581,.T.);
#1788=EDGE_CURVE('',#1476,#1475,#582,.T.);
#1789=EDGE_CURVE('',#1477,#1476,#583,.T.);
#1790=EDGE_CURVE('',#1478,#1477,#584,.T.);
#1791=EDGE_CURVE('',#1479,#1478,#585,.T.);
#1792=EDGE_CURVE('',#1469,#1479,#586,.T.);
#1793=EDGE_CURVE('',#1480,#1481,#587,.T.);
#1794=EDGE_CURVE('',#1482,#1480,#588,.T.);
#1795=EDGE_CURVE('',#1483,#1482,#589,.T.);
#1796=EDGE_CURVE('',#1484,#1483,#590,.T.);
#1797=EDGE_CURVE('',#1485,#1484,#591,.T.);
#1798=EDGE_CURVE('',#1486,#1485,#592,.T.);
#1799=EDGE_CURVE('',#1487,#1486,#593,.T.);
#1800=EDGE_CURVE('',#1488,#1487,#594,.T.);
#1801=EDGE_CURVE('',#1489,#1488,#595,.T.);
#1802=EDGE_CURVE('',#1490,#1489,#596,.T.);
#1803=EDGE_CURVE('',#1491,#1490,#597,.T.);
#1804=EDGE_CURVE('',#1481,#1491,#598,.T.);
#1805=EDGE_CURVE('',#1492,#1493,#599,.T.);
#1806=EDGE_CURVE('',#1494,#1492,#600,.T.);
#1807=EDGE_CURVE('',#1495,#1494,#601,.T.);
#1808=EDGE_CURVE('',#1496,#1495,#602,.T.);
#1809=EDGE_CURVE('',#1497,#1496,#603,.T.);
#1810=EDGE_CURVE('',#1498,#1497,#604,.T.);
#1811=EDGE_CURVE('',#1499,#1498,#605,.T.);
#1812=EDGE_CURVE('',#1500,#1499,#606,.T.);
#1813=EDGE_CURVE('',#1501,#1500,#607,.T.);
#1814=EDGE_CURVE('',#1502,#1501,#608,.T.);
#1815=EDGE_CURVE('',#1503,#1502,#609,.T.);
#1816=EDGE_CURVE('',#1493,#1503,#610,.T.);
#1817=EDGE_CURVE('',#1504,#1505,#611,.T.);
#1818=EDGE_CURVE('',#1506,#1504,#612,.T.);
#1819=EDGE_CURVE('',#1507,#1506,#613,.T.);
#1820=EDGE_CURVE('',#1508,#1507,#614,.T.);
#1821=EDGE_CURVE('',#1509,#1508,#615,.T.);
#1822=EDGE_CURVE('',#1510,#1509,#616,.T.);
#1823=EDGE_CURVE('',#1511,#1510,#617,.T.);
#1824=EDGE_CURVE('',#1512,#1511,#618,.T.);
#1825=EDGE_CURVE('',#1513,#1512,#619,.T.);
#1826=EDGE_CURVE('',#1514,#1513,#620,.T.);
#1827=EDGE_CURVE('',#1515,#1514,#621,.T.);
#1828=EDGE_CURVE('',#1505,#1515,#622,.T.);
#1829=EDGE_CURVE('',#1516,#1517,#623,.T.);
#1830=EDGE_CURVE('',#1518,#1516,#624,.T.);
#1831=EDGE_CURVE('',#1519,#1518,#625,.T.);
#1832=EDGE_CURVE('',#1520,#1519,#626,.T.);
#1833=EDGE_CURVE('',#1521,#1520,#627,.T.);
#1834=EDGE_CURVE('',#1522,#1521,#628,.T.);
#1835=EDGE_CURVE('',#1523,#1522,#629,.T.);
#1836=EDGE_CURVE('',#1524,#1523,#630,.T.);
#1837=EDGE_CURVE('',#1525,#1524,#631,.T.);
#1838=EDGE_CURVE('',#1526,#1525,#632,.T.);
#1839=EDGE_CURVE('',#1527,#1526,#633,.T.);
#1840=EDGE_CURVE('',#1517,#1527,#634,.T.);
#1841=EDGE_CURVE('',#1528,#1529,#635,.T.);
#1842=EDGE_CURVE('',#1530,#1528,#636,.T.);
#1843=EDGE_CURVE('',#1531,#1530,#637,.T.);
#1844=EDGE_CURVE('',#1532,#1531,#638,.T.);
#1845=EDGE_CURVE('',#1533,#1532,#639,.T.);
#1846=EDGE_CURVE('',#1534,#1533,#640,.T.);
#1847=EDGE_CURVE('',#1535,#1534,#641,.T.);
#1848=EDGE_CURVE('',#1536,#1535,#642,.T.);
#1849=EDGE_CURVE('',#1537,#1536,#643,.T.);
#1850=EDGE_CURVE('',#1538,#1537,#644,.T.);
#1851=EDGE_CURVE('',#1539,#1538,#645,.T.);
#1852=EDGE_CURVE('',#1529,#1539,#646,.T.);
#1853=EDGE_CURVE('',#1540,#1541,#647,.T.);
#1854=EDGE_CURVE('',#1542,#1540,#648,.T.);
#1855=EDGE_CURVE('',#1543,#1542,#649,.T.);
#1856=EDGE_CURVE('',#1544,#1543,#650,.T.);
#1857=EDGE_CURVE('',#1545,#1544,#651,.T.);
#1858=EDGE_CURVE('',#1546,#1545,#652,.T.);
#1859=EDGE_CURVE('',#1547,#1546,#653,.T.);
#1860=EDGE_CURVE('',#1548,#1547,#654,.T.);
#1861=EDGE_CURVE('',#1549,#1548,#655,.T.);
#1862=EDGE_CURVE('',#1550,#1549,#656,.T.);
#1863=EDGE_CURVE('',#1551,#1550,#657,.T.);
#1864=EDGE_CURVE('',#1541,#1551,#658,.T.);
#1865=EDGE_CURVE('',#1552,#1553,#659,.T.);
#1866=EDGE_CURVE('',#1554,#1552,#660,.T.);
#1867=EDGE_CURVE('',#1555,#1554,#661,.T.);
#1868=EDGE_CURVE('',#1556,#1555,#662,.T.);
#1869=EDGE_CURVE('',#1557,#1556,#663,.T.);
#1870=EDGE_CURVE('',#1558,#1557,#664,.T.);
#1871=EDGE_CURVE('',#1559,#1558,#665,.T.);
#1872=EDGE_CURVE('',#1560,#1559,#666,.T.);
#1873=EDGE_CURVE('',#1561,#1560,#667,.T.);
#1874=EDGE_CURVE('',#1562,#1561,#668,.T.);
#1875=EDGE_CURVE('',#1563,#1562,#669,.T.);
#1876=EDGE_CURVE('',#1553,#1563,#670,.T.);
#1877=EDGE_CURVE('',#1564,#1565,#671,.T.);
#1878=EDGE_CURVE('',#1565,#1566,#672,.T.);
#1879=EDGE_CURVE('',#1566,#1567,#673,.T.);
#1880=EDGE_CURVE('',#1567,#1564,#674,.T.);
#1881=EDGE_CURVE('',#1568,#1569,#1401,.F.);
#1882=EDGE_CURVE('',#1569,#1570,#675,.F.);
#1883=EDGE_CURVE('',#1570,#1571,#676,.F.);
#1884=EDGE_CURVE('',#1571,#1572,#677,.F.);
#1885=EDGE_CURVE('',#1572,#1573,#1402,.F.);
#1886=EDGE_CURVE('',#1573,#1568,#678,.F.);
#1887=EDGE_CURVE('',#1574,#1571,#679,.F.);
#1888=EDGE_CURVE('',#1575,#1574,#680,.T.);
#1889=EDGE_CURVE('',#1575,#1572,#681,.T.);
#1890=EDGE_CURVE('',#1576,#1575,#1403,.T.);
#1891=EDGE_CURVE('',#1576,#1573,#682,.F.);
#1892=EDGE_CURVE('',#1577,#1576,#683,.T.);
#1893=EDGE_CURVE('',#1577,#1568,#684,.T.);
#1894=EDGE_CURVE('',#1578,#1577,#1404,.T.);
#1895=EDGE_CURVE('',#1578,#1569,#685,.T.);
#1896=EDGE_CURVE('',#1579,#1578,#686,.T.);
#1897=EDGE_CURVE('',#1579,#1570,#687,.T.);
#1898=EDGE_CURVE('',#1574,#1579,#688,.T.);
#1899=EDGE_CURVE('',#1580,#1423,#689,.T.);
#1900=EDGE_CURVE('',#1433,#1580,#690,.T.);
#1901=EDGE_CURVE('',#1581,#1440,#691,.T.);
#1902=EDGE_CURVE('',#1581,#1582,#692,.T.);
#1903=EDGE_CURVE('',#1582,#1441,#693,.T.);
#1904=EDGE_CURVE('',#1583,#1439,#694,.T.);
#1905=EDGE_CURVE('',#1581,#1583,#1405,.T.);
#1906=EDGE_CURVE('',#1584,#1438,#695,.T.);
#1907=EDGE_CURVE('',#1584,#1583,#696,.T.);
#1908=EDGE_CURVE('',#1584,#1427,#1406,.T.);
#1909=EDGE_CURVE('',#1585,#1443,#697,.T.);
#1910=EDGE_CURVE('',#1430,#1585,#1407,.T.);
#1911=EDGE_CURVE('',#1586,#1442,#698,.T.);
#1912=EDGE_CURVE('',#1586,#1585,#699,.T.);
#1913=EDGE_CURVE('',#1586,#1582,#1408,.T.);
#1914=EDGE_CURVE('',#1587,#1435,#700,.T.);
#1915=EDGE_CURVE('',#1588,#1587,#701,.T.);
#1916=EDGE_CURVE('',#1588,#1436,#702,.T.);
#1917=EDGE_CURVE('',#1589,#1588,#1409,.T.);
#1918=EDGE_CURVE('',#1589,#1437,#703,.T.);
#1919=EDGE_CURVE('',#1432,#1589,#704,.T.);
#1920=EDGE_CURVE('',#1590,#1580,#705,.T.);
#1921=EDGE_CURVE('',#1590,#1434,#706,.T.);
#1922=EDGE_CURVE('',#1587,#1590,#1410,.T.);
#1923=EDGE_CURVE('',#1591,#1564,#707,.T.);
#1924=EDGE_CURVE('',#1592,#1591,#708,.T.);
#1925=EDGE_CURVE('',#1592,#1565,#709,.T.);
#1926=EDGE_CURVE('',#1593,#1592,#710,.T.);
#1927=EDGE_CURVE('',#1593,#1566,#711,.T.);
#1928=EDGE_CURVE('',#1594,#1593,#712,.T.);
#1929=EDGE_CURVE('',#1594,#1567,#713,.T.);
#1930=EDGE_CURVE('',#1591,#1594,#714,.T.);
#1931=EDGE_CURVE('',#1552,#1595,#715,.T.);
#1932=EDGE_CURVE('',#1596,#1595,#716,.T.);
#1933=EDGE_CURVE('',#1554,#1596,#717,.T.);
#1934=EDGE_CURVE('',#1597,#1596,#718,.T.);
#1935=EDGE_CURVE('',#1555,#1597,#719,.T.);
#1936=EDGE_CURVE('',#1598,#1597,#720,.T.);
#1937=EDGE_CURVE('',#1556,#1598,#721,.T.);
#1938=EDGE_CURVE('',#1599,#1598,#722,.T.);
#1939=EDGE_CURVE('',#1557,#1599,#723,.T.);
#1940=EDGE_CURVE('',#1600,#1599,#724,.T.);
#1941=EDGE_CURVE('',#1558,#1600,#725,.T.);
#1942=EDGE_CURVE('',#1601,#1600,#726,.T.);
#1943=EDGE_CURVE('',#1559,#1601,#727,.T.);
#1944=EDGE_CURVE('',#1602,#1601,#728,.T.);
#1945=EDGE_CURVE('',#1560,#1602,#729,.T.);
#1946=EDGE_CURVE('',#1603,#1602,#730,.T.);
#1947=EDGE_CURVE('',#1561,#1603,#731,.T.);
#1948=EDGE_CURVE('',#1604,#1603,#732,.T.);
#1949=EDGE_CURVE('',#1562,#1604,#733,.T.);
#1950=EDGE_CURVE('',#1605,#1604,#734,.T.);
#1951=EDGE_CURVE('',#1563,#1605,#735,.T.);
#1952=EDGE_CURVE('',#1606,#1605,#736,.T.);
#1953=EDGE_CURVE('',#1553,#1606,#737,.T.);
#1954=EDGE_CURVE('',#1595,#1606,#738,.T.);
#1955=EDGE_CURVE('',#1540,#1607,#739,.T.);
#1956=EDGE_CURVE('',#1608,#1607,#740,.T.);
#1957=EDGE_CURVE('',#1542,#1608,#741,.T.);
#1958=EDGE_CURVE('',#1609,#1608,#742,.T.);
#1959=EDGE_CURVE('',#1543,#1609,#743,.T.);
#1960=EDGE_CURVE('',#1610,#1609,#744,.T.);
#1961=EDGE_CURVE('',#1544,#1610,#745,.T.);
#1962=EDGE_CURVE('',#1611,#1610,#746,.T.);
#1963=EDGE_CURVE('',#1545,#1611,#747,.T.);
#1964=EDGE_CURVE('',#1612,#1611,#748,.T.);
#1965=EDGE_CURVE('',#1546,#1612,#749,.T.);
#1966=EDGE_CURVE('',#1613,#1612,#750,.T.);
#1967=EDGE_CURVE('',#1547,#1613,#751,.T.);
#1968=EDGE_CURVE('',#1614,#1613,#752,.T.);
#1969=EDGE_CURVE('',#1548,#1614,#753,.T.);
#1970=EDGE_CURVE('',#1615,#1614,#754,.T.);
#1971=EDGE_CURVE('',#1549,#1615,#755,.T.);
#1972=EDGE_CURVE('',#1616,#1615,#756,.T.);
#1973=EDGE_CURVE('',#1550,#1616,#757,.T.);
#1974=EDGE_CURVE('',#1617,#1616,#758,.T.);
#1975=EDGE_CURVE('',#1551,#1617,#759,.T.);
#1976=EDGE_CURVE('',#1618,#1617,#760,.T.);
#1977=EDGE_CURVE('',#1541,#1618,#761,.T.);
#1978=EDGE_CURVE('',#1607,#1618,#762,.T.);
#1979=EDGE_CURVE('',#1528,#1619,#763,.T.);
#1980=EDGE_CURVE('',#1620,#1619,#764,.T.);
#1981=EDGE_CURVE('',#1530,#1620,#765,.T.);
#1982=EDGE_CURVE('',#1621,#1620,#766,.T.);
#1983=EDGE_CURVE('',#1531,#1621,#767,.T.);
#1984=EDGE_CURVE('',#1622,#1621,#768,.T.);
#1985=EDGE_CURVE('',#1532,#1622,#769,.T.);
#1986=EDGE_CURVE('',#1623,#1622,#770,.T.);
#1987=EDGE_CURVE('',#1533,#1623,#771,.T.);
#1988=EDGE_CURVE('',#1624,#1623,#772,.T.);
#1989=EDGE_CURVE('',#1534,#1624,#773,.T.);
#1990=EDGE_CURVE('',#1625,#1624,#774,.T.);
#1991=EDGE_CURVE('',#1535,#1625,#775,.T.);
#1992=EDGE_CURVE('',#1626,#1625,#776,.T.);
#1993=EDGE_CURVE('',#1536,#1626,#777,.T.);
#1994=EDGE_CURVE('',#1627,#1626,#778,.T.);
#1995=EDGE_CURVE('',#1537,#1627,#779,.T.);
#1996=EDGE_CURVE('',#1628,#1627,#780,.T.);
#1997=EDGE_CURVE('',#1538,#1628,#781,.T.);
#1998=EDGE_CURVE('',#1629,#1628,#782,.T.);
#1999=EDGE_CURVE('',#1539,#1629,#783,.T.);
#2000=EDGE_CURVE('',#1630,#1629,#784,.T.);
#2001=EDGE_CURVE('',#1529,#1630,#785,.T.);
#2002=EDGE_CURVE('',#1619,#1630,#786,.T.);
#2003=EDGE_CURVE('',#1516,#1631,#787,.T.);
#2004=EDGE_CURVE('',#1632,#1631,#788,.T.);
#2005=EDGE_CURVE('',#1518,#1632,#789,.T.);
#2006=EDGE_CURVE('',#1633,#1632,#790,.T.);
#2007=EDGE_CURVE('',#1519,#1633,#791,.T.);
#2008=EDGE_CURVE('',#1634,#1633,#792,.T.);
#2009=EDGE_CURVE('',#1520,#1634,#793,.T.);
#2010=EDGE_CURVE('',#1635,#1634,#794,.T.);
#2011=EDGE_CURVE('',#1521,#1635,#795,.T.);
#2012=EDGE_CURVE('',#1636,#1635,#796,.T.);
#2013=EDGE_CURVE('',#1522,#1636,#797,.T.);
#2014=EDGE_CURVE('',#1637,#1636,#798,.T.);
#2015=EDGE_CURVE('',#1523,#1637,#799,.T.);
#2016=EDGE_CURVE('',#1638,#1637,#800,.T.);
#2017=EDGE_CURVE('',#1524,#1638,#801,.T.);
#2018=EDGE_CURVE('',#1639,#1638,#802,.T.);
#2019=EDGE_CURVE('',#1525,#1639,#803,.T.);
#2020=EDGE_CURVE('',#1640,#1639,#804,.T.);
#2021=EDGE_CURVE('',#1526,#1640,#805,.T.);
#2022=EDGE_CURVE('',#1641,#1640,#806,.T.);
#2023=EDGE_CURVE('',#1527,#1641,#807,.T.);
#2024=EDGE_CURVE('',#1642,#1641,#808,.T.);
#2025=EDGE_CURVE('',#1517,#1642,#809,.T.);
#2026=EDGE_CURVE('',#1631,#1642,#810,.T.);
#2027=EDGE_CURVE('',#1504,#1643,#811,.T.);
#2028=EDGE_CURVE('',#1644,#1643,#812,.T.);
#2029=EDGE_CURVE('',#1506,#1644,#813,.T.);
#2030=EDGE_CURVE('',#1645,#1644,#814,.T.);
#2031=EDGE_CURVE('',#1507,#1645,#815,.T.);
#2032=EDGE_CURVE('',#1646,#1645,#816,.T.);
#2033=EDGE_CURVE('',#1508,#1646,#817,.T.);
#2034=EDGE_CURVE('',#1647,#1646,#818,.T.);
#2035=EDGE_CURVE('',#1509,#1647,#819,.T.);
#2036=EDGE_CURVE('',#1648,#1647,#820,.T.);
#2037=EDGE_CURVE('',#1510,#1648,#821,.T.);
#2038=EDGE_CURVE('',#1649,#1648,#822,.T.);
#2039=EDGE_CURVE('',#1511,#1649,#823,.T.);
#2040=EDGE_CURVE('',#1650,#1649,#824,.T.);
#2041=EDGE_CURVE('',#1512,#1650,#825,.T.);
#2042=EDGE_CURVE('',#1651,#1650,#826,.T.);
#2043=EDGE_CURVE('',#1513,#1651,#827,.T.);
#2044=EDGE_CURVE('',#1652,#1651,#828,.T.);
#2045=EDGE_CURVE('',#1514,#1652,#829,.T.);
#2046=EDGE_CURVE('',#1653,#1652,#830,.T.);
#2047=EDGE_CURVE('',#1515,#1653,#831,.T.);
#2048=EDGE_CURVE('',#1654,#1653,#832,.T.);
#2049=EDGE_CURVE('',#1505,#1654,#833,.T.);
#2050=EDGE_CURVE('',#1643,#1654,#834,.T.);
#2051=EDGE_CURVE('',#1492,#1655,#835,.T.);
#2052=EDGE_CURVE('',#1656,#1655,#836,.T.);
#2053=EDGE_CURVE('',#1494,#1656,#837,.T.);
#2054=EDGE_CURVE('',#1657,#1656,#838,.T.);
#2055=EDGE_CURVE('',#1495,#1657,#839,.T.);
#2056=EDGE_CURVE('',#1658,#1657,#840,.T.);
#2057=EDGE_CURVE('',#1496,#1658,#841,.T.);
#2058=EDGE_CURVE('',#1659,#1658,#842,.T.);
#2059=EDGE_CURVE('',#1497,#1659,#843,.T.);
#2060=EDGE_CURVE('',#1660,#1659,#844,.T.);
#2061=EDGE_CURVE('',#1498,#1660,#845,.T.);
#2062=EDGE_CURVE('',#1661,#1660,#846,.T.);
#2063=EDGE_CURVE('',#1499,#1661,#847,.T.);
#2064=EDGE_CURVE('',#1662,#1661,#848,.T.);
#2065=EDGE_CURVE('',#1500,#1662,#849,.T.);
#2066=EDGE_CURVE('',#1663,#1662,#850,.T.);
#2067=EDGE_CURVE('',#1501,#1663,#851,.T.);
#2068=EDGE_CURVE('',#1664,#1663,#852,.T.);
#2069=EDGE_CURVE('',#1502,#1664,#853,.T.);
#2070=EDGE_CURVE('',#1665,#1664,#854,.T.);
#2071=EDGE_CURVE('',#1503,#1665,#855,.T.);
#2072=EDGE_CURVE('',#1666,#1665,#856,.T.);
#2073=EDGE_CURVE('',#1493,#1666,#857,.T.);
#2074=EDGE_CURVE('',#1655,#1666,#858,.T.);
#2075=EDGE_CURVE('',#1480,#1667,#859,.T.);
#2076=EDGE_CURVE('',#1668,#1667,#860,.T.);
#2077=EDGE_CURVE('',#1482,#1668,#861,.T.);
#2078=EDGE_CURVE('',#1669,#1668,#862,.T.);
#2079=EDGE_CURVE('',#1483,#1669,#863,.T.);
#2080=EDGE_CURVE('',#1670,#1669,#864,.T.);
#2081=EDGE_CURVE('',#1484,#1670,#865,.T.);
#2082=EDGE_CURVE('',#1671,#1670,#866,.T.);
#2083=EDGE_CURVE('',#1485,#1671,#867,.T.);
#2084=EDGE_CURVE('',#1672,#1671,#868,.T.);
#2085=EDGE_CURVE('',#1486,#1672,#869,.T.);
#2086=EDGE_CURVE('',#1673,#1672,#870,.T.);
#2087=EDGE_CURVE('',#1487,#1673,#871,.T.);
#2088=EDGE_CURVE('',#1674,#1673,#872,.T.);
#2089=EDGE_CURVE('',#1488,#1674,#873,.T.);
#2090=EDGE_CURVE('',#1675,#1674,#874,.T.);
#2091=EDGE_CURVE('',#1489,#1675,#875,.T.);
#2092=EDGE_CURVE('',#1676,#1675,#876,.T.);
#2093=EDGE_CURVE('',#1490,#1676,#877,.T.);
#2094=EDGE_CURVE('',#1677,#1676,#878,.T.);
#2095=EDGE_CURVE('',#1491,#1677,#879,.T.);
#2096=EDGE_CURVE('',#1678,#1677,#880,.T.);
#2097=EDGE_CURVE('',#1481,#1678,#881,.T.);
#2098=EDGE_CURVE('',#1667,#1678,#882,.T.);
#2099=EDGE_CURVE('',#1468,#1679,#883,.T.);
#2100=EDGE_CURVE('',#1680,#1679,#884,.T.);
#2101=EDGE_CURVE('',#1470,#1680,#885,.T.);
#2102=EDGE_CURVE('',#1681,#1680,#886,.T.);
#2103=EDGE_CURVE('',#1471,#1681,#887,.T.);
#2104=EDGE_CURVE('',#1682,#1681,#888,.T.);
#2105=EDGE_CURVE('',#1472,#1682,#889,.T.);
#2106=EDGE_CURVE('',#1683,#1682,#890,.T.);
#2107=EDGE_CURVE('',#1473,#1683,#891,.T.);
#2108=EDGE_CURVE('',#1684,#1683,#892,.T.);
#2109=EDGE_CURVE('',#1474,#1684,#893,.T.);
#2110=EDGE_CURVE('',#1685,#1684,#894,.T.);
#2111=EDGE_CURVE('',#1475,#1685,#895,.T.);
#2112=EDGE_CURVE('',#1686,#1685,#896,.T.);
#2113=EDGE_CURVE('',#1476,#1686,#897,.T.);
#2114=EDGE_CURVE('',#1687,#1686,#898,.T.);
#2115=EDGE_CURVE('',#1477,#1687,#899,.T.);
#2116=EDGE_CURVE('',#1688,#1687,#900,.T.);
#2117=EDGE_CURVE('',#1478,#1688,#901,.T.);
#2118=EDGE_CURVE('',#1689,#1688,#902,.T.);
#2119=EDGE_CURVE('',#1479,#1689,#903,.T.);
#2120=EDGE_CURVE('',#1690,#1689,#904,.T.);
#2121=EDGE_CURVE('',#1469,#1690,#905,.T.);
#2122=EDGE_CURVE('',#1679,#1690,#906,.T.);
#2123=EDGE_CURVE('',#1456,#1691,#907,.T.);
#2124=EDGE_CURVE('',#1692,#1691,#908,.T.);
#2125=EDGE_CURVE('',#1458,#1692,#909,.T.);
#2126=EDGE_CURVE('',#1693,#1692,#910,.T.);
#2127=EDGE_CURVE('',#1459,#1693,#911,.T.);
#2128=EDGE_CURVE('',#1694,#1693,#912,.T.);
#2129=EDGE_CURVE('',#1460,#1694,#913,.T.);
#2130=EDGE_CURVE('',#1695,#1694,#914,.T.);
#2131=EDGE_CURVE('',#1461,#1695,#915,.T.);
#2132=EDGE_CURVE('',#1696,#1695,#916,.T.);
#2133=EDGE_CURVE('',#1462,#1696,#917,.T.);
#2134=EDGE_CURVE('',#1697,#1696,#918,.T.);
#2135=EDGE_CURVE('',#1463,#1697,#919,.T.);
#2136=EDGE_CURVE('',#1698,#1697,#920,.T.);
#2137=EDGE_CURVE('',#1464,#1698,#921,.T.);
#2138=EDGE_CURVE('',#1699,#1698,#922,.T.);
#2139=EDGE_CURVE('',#1465,#1699,#923,.T.);
#2140=EDGE_CURVE('',#1700,#1699,#924,.T.);
#2141=EDGE_CURVE('',#1466,#1700,#925,.T.);
#2142=EDGE_CURVE('',#1701,#1700,#926,.T.);
#2143=EDGE_CURVE('',#1467,#1701,#927,.T.);
#2144=EDGE_CURVE('',#1702,#1701,#928,.T.);
#2145=EDGE_CURVE('',#1457,#1702,#929,.T.);
#2146=EDGE_CURVE('',#1691,#1702,#930,.T.);
#2147=EDGE_CURVE('',#1444,#1703,#931,.T.);
#2148=EDGE_CURVE('',#1704,#1703,#932,.T.);
#2149=EDGE_CURVE('',#1446,#1704,#933,.T.);
#2150=EDGE_CURVE('',#1705,#1704,#934,.T.);
#2151=EDGE_CURVE('',#1447,#1705,#935,.T.);
#2152=EDGE_CURVE('',#1706,#1705,#936,.T.);
#2153=EDGE_CURVE('',#1448,#1706,#937,.T.);
#2154=EDGE_CURVE('',#1707,#1706,#938,.T.);
#2155=EDGE_CURVE('',#1449,#1707,#939,.T.);
#2156=EDGE_CURVE('',#1708,#1707,#940,.T.);
#2157=EDGE_CURVE('',#1450,#1708,#941,.T.);
#2158=EDGE_CURVE('',#1709,#1708,#942,.T.);
#2159=EDGE_CURVE('',#1451,#1709,#943,.T.);
#2160=EDGE_CURVE('',#1710,#1709,#944,.T.);
#2161=EDGE_CURVE('',#1452,#1710,#945,.T.);
#2162=EDGE_CURVE('',#1711,#1710,#946,.T.);
#2163=EDGE_CURVE('',#1453,#1711,#947,.T.);
#2164=EDGE_CURVE('',#1712,#1711,#948,.T.);
#2165=EDGE_CURVE('',#1454,#1712,#949,.T.);
#2166=EDGE_CURVE('',#1713,#1712,#950,.T.);
#2167=EDGE_CURVE('',#1455,#1713,#951,.T.);
#2168=EDGE_CURVE('',#1714,#1713,#952,.T.);
#2169=EDGE_CURVE('',#1445,#1714,#953,.T.);
#2170=EDGE_CURVE('',#1703,#1714,#954,.T.);
#2171=ORIENTED_EDGE('',*,*,#1715,.F.);
#2172=ORIENTED_EDGE('',*,*,#1716,.T.);
#2173=ORIENTED_EDGE('',*,*,#1717,.F.);
#2174=ORIENTED_EDGE('',*,*,#1716,.F.);
#2175=ORIENTED_EDGE('',*,*,#1718,.F.);
#2176=ORIENTED_EDGE('',*,*,#1719,.T.);
#2177=ORIENTED_EDGE('',*,*,#1720,.F.);
#2178=ORIENTED_EDGE('',*,*,#1719,.F.);
#2179=ORIENTED_EDGE('',*,*,#1721,.F.);
#2180=ORIENTED_EDGE('',*,*,#1722,.T.);
#2181=ORIENTED_EDGE('',*,*,#1723,.F.);
#2182=ORIENTED_EDGE('',*,*,#1722,.F.);
#2183=ORIENTED_EDGE('',*,*,#1724,.F.);
#2184=ORIENTED_EDGE('',*,*,#1725,.T.);
#2185=ORIENTED_EDGE('',*,*,#1726,.F.);
#2186=ORIENTED_EDGE('',*,*,#1725,.F.);
#2187=ORIENTED_EDGE('',*,*,#1727,.F.);
#2188=ORIENTED_EDGE('',*,*,#1728,.F.);
#2189=ORIENTED_EDGE('',*,*,#1729,.F.);
#2190=ORIENTED_EDGE('',*,*,#1730,.F.);
#2191=ORIENTED_EDGE('',*,*,#1731,.F.);
#2192=ORIENTED_EDGE('',*,*,#1732,.F.);
#2193=ORIENTED_EDGE('',*,*,#1733,.F.);
#2194=ORIENTED_EDGE('',*,*,#1734,.F.);
#2195=ORIENTED_EDGE('',*,*,#1728,.T.);
#2196=ORIENTED_EDGE('',*,*,#1735,.T.);
#2197=ORIENTED_EDGE('',*,*,#1736,.T.);
#2198=ORIENTED_EDGE('',*,*,#1737,.T.);
#2199=ORIENTED_EDGE('',*,*,#1734,.T.);
#2200=ORIENTED_EDGE('',*,*,#1738,.T.);
#2201=ORIENTED_EDGE('',*,*,#1739,.F.);
#2202=ORIENTED_EDGE('',*,*,#1740,.T.);
#2203=ORIENTED_EDGE('',*,*,#1730,.T.);
#2204=ORIENTED_EDGE('',*,*,#1741,.T.);
#2205=ORIENTED_EDGE('',*,*,#1742,.F.);
#2206=ORIENTED_EDGE('',*,*,#1743,.F.);
#2207=ORIENTED_EDGE('',*,*,#1733,.T.);
#2208=ORIENTED_EDGE('',*,*,#1744,.F.);
#2209=ORIENTED_EDGE('',*,*,#1745,.T.);
#2210=ORIENTED_EDGE('',*,*,#1746,.T.);
#2211=ORIENTED_EDGE('',*,*,#1747,.T.);
#2212=ORIENTED_EDGE('',*,*,#1748,.T.);
#2213=ORIENTED_EDGE('',*,*,#1749,.T.);
#2214=ORIENTED_EDGE('',*,*,#1741,.F.);
#2215=ORIENTED_EDGE('',*,*,#1729,.T.);
#2216=ORIENTED_EDGE('',*,*,#1737,.F.);
#2217=ORIENTED_EDGE('',*,*,#1750,.F.);
#2218=ORIENTED_EDGE('',*,*,#1751,.F.);
#2219=ORIENTED_EDGE('',*,*,#1752,.F.);
#2220=ORIENTED_EDGE('',*,*,#1753,.F.);
#2221=ORIENTED_EDGE('',*,*,#1754,.F.);
#2222=ORIENTED_EDGE('',*,*,#1755,.F.);
#2223=ORIENTED_EDGE('',*,*,#1756,.F.);
#2224=ORIENTED_EDGE('',*,*,#1738,.F.);
#2225=ORIENTED_EDGE('',*,*,#1717,.T.);
#2226=ORIENTED_EDGE('',*,*,#1720,.T.);
#2227=ORIENTED_EDGE('',*,*,#1723,.T.);
#2228=ORIENTED_EDGE('',*,*,#1726,.T.);
#2229=ORIENTED_EDGE('',*,*,#1757,.F.);
#2230=ORIENTED_EDGE('',*,*,#1758,.F.);
#2231=ORIENTED_EDGE('',*,*,#1759,.F.);
#2232=ORIENTED_EDGE('',*,*,#1760,.F.);
#2233=ORIENTED_EDGE('',*,*,#1761,.F.);
#2234=ORIENTED_EDGE('',*,*,#1762,.F.);
#2235=ORIENTED_EDGE('',*,*,#1763,.F.);
#2236=ORIENTED_EDGE('',*,*,#1764,.F.);
#2237=ORIENTED_EDGE('',*,*,#1765,.F.);
#2238=ORIENTED_EDGE('',*,*,#1766,.F.);
#2239=ORIENTED_EDGE('',*,*,#1767,.F.);
#2240=ORIENTED_EDGE('',*,*,#1768,.F.);
#2241=ORIENTED_EDGE('',*,*,#1769,.F.);
#2242=ORIENTED_EDGE('',*,*,#1770,.F.);
#2243=ORIENTED_EDGE('',*,*,#1771,.F.);
#2244=ORIENTED_EDGE('',*,*,#1772,.F.);
#2245=ORIENTED_EDGE('',*,*,#1773,.F.);
#2246=ORIENTED_EDGE('',*,*,#1774,.F.);
#2247=ORIENTED_EDGE('',*,*,#1775,.F.);
#2248=ORIENTED_EDGE('',*,*,#1776,.F.);
#2249=ORIENTED_EDGE('',*,*,#1777,.F.);
#2250=ORIENTED_EDGE('',*,*,#1778,.F.);
#2251=ORIENTED_EDGE('',*,*,#1779,.F.);
#2252=ORIENTED_EDGE('',*,*,#1780,.F.);
#2253=ORIENTED_EDGE('',*,*,#1781,.F.);
#2254=ORIENTED_EDGE('',*,*,#1782,.F.);
#2255=ORIENTED_EDGE('',*,*,#1783,.F.);
#2256=ORIENTED_EDGE('',*,*,#1784,.F.);
#2257=ORIENTED_EDGE('',*,*,#1785,.F.);
#2258=ORIENTED_EDGE('',*,*,#1786,.F.);
#2259=ORIENTED_EDGE('',*,*,#1787,.F.);
#2260=ORIENTED_EDGE('',*,*,#1788,.F.);
#2261=ORIENTED_EDGE('',*,*,#1789,.F.);
#2262=ORIENTED_EDGE('',*,*,#1790,.F.);
#2263=ORIENTED_EDGE('',*,*,#1791,.F.);
#2264=ORIENTED_EDGE('',*,*,#1792,.F.);
#2265=ORIENTED_EDGE('',*,*,#1793,.F.);
#2266=ORIENTED_EDGE('',*,*,#1794,.F.);
#2267=ORIENTED_EDGE('',*,*,#1795,.F.);
#2268=ORIENTED_EDGE('',*,*,#1796,.F.);
#2269=ORIENTED_EDGE('',*,*,#1797,.F.);
#2270=ORIENTED_EDGE('',*,*,#1798,.F.);
#2271=ORIENTED_EDGE('',*,*,#1799,.F.);
#2272=ORIENTED_EDGE('',*,*,#1800,.F.);
#2273=ORIENTED_EDGE('',*,*,#1801,.F.);
#2274=ORIENTED_EDGE('',*,*,#1802,.F.);
#2275=ORIENTED_EDGE('',*,*,#1803,.F.);
#2276=ORIENTED_EDGE('',*,*,#1804,.F.);
#2277=ORIENTED_EDGE('',*,*,#1805,.F.);
#2278=ORIENTED_EDGE('',*,*,#1806,.F.);
#2279=ORIENTED_EDGE('',*,*,#1807,.F.);
#2280=ORIENTED_EDGE('',*,*,#1808,.F.);
#2281=ORIENTED_EDGE('',*,*,#1809,.F.);
#2282=ORIENTED_EDGE('',*,*,#1810,.F.);
#2283=ORIENTED_EDGE('',*,*,#1811,.F.);
#2284=ORIENTED_EDGE('',*,*,#1812,.F.);
#2285=ORIENTED_EDGE('',*,*,#1813,.F.);
#2286=ORIENTED_EDGE('',*,*,#1814,.F.);
#2287=ORIENTED_EDGE('',*,*,#1815,.F.);
#2288=ORIENTED_EDGE('',*,*,#1816,.F.);
#2289=ORIENTED_EDGE('',*,*,#1817,.F.);
#2290=ORIENTED_EDGE('',*,*,#1818,.F.);
#2291=ORIENTED_EDGE('',*,*,#1819,.F.);
#2292=ORIENTED_EDGE('',*,*,#1820,.F.);
#2293=ORIENTED_EDGE('',*,*,#1821,.F.);
#2294=ORIENTED_EDGE('',*,*,#1822,.F.);
#2295=ORIENTED_EDGE('',*,*,#1823,.F.);
#2296=ORIENTED_EDGE('',*,*,#1824,.F.);
#2297=ORIENTED_EDGE('',*,*,#1825,.F.);
#2298=ORIENTED_EDGE('',*,*,#1826,.F.);
#2299=ORIENTED_EDGE('',*,*,#1827,.F.);
#2300=ORIENTED_EDGE('',*,*,#1828,.F.);
#2301=ORIENTED_EDGE('',*,*,#1829,.F.);
#2302=ORIENTED_EDGE('',*,*,#1830,.F.);
#2303=ORIENTED_EDGE('',*,*,#1831,.F.);
#2304=ORIENTED_EDGE('',*,*,#1832,.F.);
#2305=ORIENTED_EDGE('',*,*,#1833,.F.);
#2306=ORIENTED_EDGE('',*,*,#1834,.F.);
#2307=ORIENTED_EDGE('',*,*,#1835,.F.);
#2308=ORIENTED_EDGE('',*,*,#1836,.F.);
#2309=ORIENTED_EDGE('',*,*,#1837,.F.);
#2310=ORIENTED_EDGE('',*,*,#1838,.F.);
#2311=ORIENTED_EDGE('',*,*,#1839,.F.);
#2312=ORIENTED_EDGE('',*,*,#1840,.F.);
#2313=ORIENTED_EDGE('',*,*,#1841,.F.);
#2314=ORIENTED_EDGE('',*,*,#1842,.F.);
#2315=ORIENTED_EDGE('',*,*,#1843,.F.);
#2316=ORIENTED_EDGE('',*,*,#1844,.F.);
#2317=ORIENTED_EDGE('',*,*,#1845,.F.);
#2318=ORIENTED_EDGE('',*,*,#1846,.F.);
#2319=ORIENTED_EDGE('',*,*,#1847,.F.);
#2320=ORIENTED_EDGE('',*,*,#1848,.F.);
#2321=ORIENTED_EDGE('',*,*,#1849,.F.);
#2322=ORIENTED_EDGE('',*,*,#1850,.F.);
#2323=ORIENTED_EDGE('',*,*,#1851,.F.);
#2324=ORIENTED_EDGE('',*,*,#1852,.F.);
#2325=ORIENTED_EDGE('',*,*,#1853,.F.);
#2326=ORIENTED_EDGE('',*,*,#1854,.F.);
#2327=ORIENTED_EDGE('',*,*,#1855,.F.);
#2328=ORIENTED_EDGE('',*,*,#1856,.F.);
#2329=ORIENTED_EDGE('',*,*,#1857,.F.);
#2330=ORIENTED_EDGE('',*,*,#1858,.F.);
#2331=ORIENTED_EDGE('',*,*,#1859,.F.);
#2332=ORIENTED_EDGE('',*,*,#1860,.F.);
#2333=ORIENTED_EDGE('',*,*,#1861,.F.);
#2334=ORIENTED_EDGE('',*,*,#1862,.F.);
#2335=ORIENTED_EDGE('',*,*,#1863,.F.);
#2336=ORIENTED_EDGE('',*,*,#1864,.F.);
#2337=ORIENTED_EDGE('',*,*,#1865,.F.);
#2338=ORIENTED_EDGE('',*,*,#1866,.F.);
#2339=ORIENTED_EDGE('',*,*,#1867,.F.);
#2340=ORIENTED_EDGE('',*,*,#1868,.F.);
#2341=ORIENTED_EDGE('',*,*,#1869,.F.);
#2342=ORIENTED_EDGE('',*,*,#1870,.F.);
#2343=ORIENTED_EDGE('',*,*,#1871,.F.);
#2344=ORIENTED_EDGE('',*,*,#1872,.F.);
#2345=ORIENTED_EDGE('',*,*,#1873,.F.);
#2346=ORIENTED_EDGE('',*,*,#1874,.F.);
#2347=ORIENTED_EDGE('',*,*,#1875,.F.);
#2348=ORIENTED_EDGE('',*,*,#1876,.F.);
#2349=ORIENTED_EDGE('',*,*,#1877,.T.);
#2350=ORIENTED_EDGE('',*,*,#1878,.T.);
#2351=ORIENTED_EDGE('',*,*,#1879,.T.);
#2352=ORIENTED_EDGE('',*,*,#1880,.T.);
#2353=ORIENTED_EDGE('',*,*,#1881,.T.);
#2354=ORIENTED_EDGE('',*,*,#1882,.T.);
#2355=ORIENTED_EDGE('',*,*,#1883,.T.);
#2356=ORIENTED_EDGE('',*,*,#1884,.T.);
#2357=ORIENTED_EDGE('',*,*,#1885,.T.);
#2358=ORIENTED_EDGE('',*,*,#1886,.T.);
#2359=ORIENTED_EDGE('',*,*,#1884,.F.);
#2360=ORIENTED_EDGE('',*,*,#1887,.F.);
#2361=ORIENTED_EDGE('',*,*,#1888,.F.);
#2362=ORIENTED_EDGE('',*,*,#1889,.T.);
#2363=ORIENTED_EDGE('',*,*,#1885,.F.);
#2364=ORIENTED_EDGE('',*,*,#1889,.F.);
#2365=ORIENTED_EDGE('',*,*,#1890,.F.);
#2366=ORIENTED_EDGE('',*,*,#1891,.T.);
#2367=ORIENTED_EDGE('',*,*,#1886,.F.);
#2368=ORIENTED_EDGE('',*,*,#1891,.F.);
#2369=ORIENTED_EDGE('',*,*,#1892,.F.);
#2370=ORIENTED_EDGE('',*,*,#1893,.T.);
#2371=ORIENTED_EDGE('',*,*,#1881,.F.);
#2372=ORIENTED_EDGE('',*,*,#1893,.F.);
#2373=ORIENTED_EDGE('',*,*,#1894,.F.);
#2374=ORIENTED_EDGE('',*,*,#1895,.T.);
#2375=ORIENTED_EDGE('',*,*,#1882,.F.);
#2376=ORIENTED_EDGE('',*,*,#1895,.F.);
#2377=ORIENTED_EDGE('',*,*,#1896,.F.);
#2378=ORIENTED_EDGE('',*,*,#1897,.T.);
#2379=ORIENTED_EDGE('',*,*,#1883,.F.);
#2380=ORIENTED_EDGE('',*,*,#1897,.F.);
#2381=ORIENTED_EDGE('',*,*,#1898,.F.);
#2382=ORIENTED_EDGE('',*,*,#1887,.T.);
#2383=ORIENTED_EDGE('',*,*,#1732,.T.);
#2384=ORIENTED_EDGE('',*,*,#1899,.F.);
#2385=ORIENTED_EDGE('',*,*,#1900,.F.);
#2386=ORIENTED_EDGE('',*,*,#1744,.T.);
#2387=ORIENTED_EDGE('',*,*,#1753,.T.);
#2388=ORIENTED_EDGE('',*,*,#1901,.F.);
#2389=ORIENTED_EDGE('',*,*,#1902,.T.);
#2390=ORIENTED_EDGE('',*,*,#1903,.T.);
#2391=ORIENTED_EDGE('',*,*,#1752,.T.);
#2392=ORIENTED_EDGE('',*,*,#1904,.F.);
#2393=ORIENTED_EDGE('',*,*,#1905,.F.);
#2394=ORIENTED_EDGE('',*,*,#1901,.T.);
#2395=ORIENTED_EDGE('',*,*,#1751,.T.);
#2396=ORIENTED_EDGE('',*,*,#1906,.F.);
#2397=ORIENTED_EDGE('',*,*,#1907,.T.);
#2398=ORIENTED_EDGE('',*,*,#1904,.T.);
#2399=ORIENTED_EDGE('',*,*,#1750,.T.);
#2400=ORIENTED_EDGE('',*,*,#1736,.F.);
#2401=ORIENTED_EDGE('',*,*,#1908,.F.);
#2402=ORIENTED_EDGE('',*,*,#1906,.T.);
#2403=ORIENTED_EDGE('',*,*,#1756,.T.);
#2404=ORIENTED_EDGE('',*,*,#1909,.F.);
#2405=ORIENTED_EDGE('',*,*,#1910,.F.);
#2406=ORIENTED_EDGE('',*,*,#1739,.T.);
#2407=ORIENTED_EDGE('',*,*,#1755,.T.);
#2408=ORIENTED_EDGE('',*,*,#1911,.F.);
#2409=ORIENTED_EDGE('',*,*,#1912,.T.);
#2410=ORIENTED_EDGE('',*,*,#1909,.T.);
#2411=ORIENTED_EDGE('',*,*,#1754,.T.);
#2412=ORIENTED_EDGE('',*,*,#1903,.F.);
#2413=ORIENTED_EDGE('',*,*,#1913,.F.);
#2414=ORIENTED_EDGE('',*,*,#1911,.T.);
#2415=ORIENTED_EDGE('',*,*,#1747,.F.);
#2416=ORIENTED_EDGE('',*,*,#1914,.F.);
#2417=ORIENTED_EDGE('',*,*,#1915,.F.);
#2418=ORIENTED_EDGE('',*,*,#1916,.T.);
#2419=ORIENTED_EDGE('',*,*,#1748,.F.);
#2420=ORIENTED_EDGE('',*,*,#1916,.F.);
#2421=ORIENTED_EDGE('',*,*,#1917,.F.);
#2422=ORIENTED_EDGE('',*,*,#1918,.T.);
#2423=ORIENTED_EDGE('',*,*,#1742,.T.);
#2424=ORIENTED_EDGE('',*,*,#1749,.F.);
#2425=ORIENTED_EDGE('',*,*,#1918,.F.);
#2426=ORIENTED_EDGE('',*,*,#1919,.F.);
#2427=ORIENTED_EDGE('',*,*,#1900,.T.);
#2428=ORIENTED_EDGE('',*,*,#1920,.F.);
#2429=ORIENTED_EDGE('',*,*,#1921,.T.);
#2430=ORIENTED_EDGE('',*,*,#1745,.F.);
#2431=ORIENTED_EDGE('',*,*,#1746,.F.);
#2432=ORIENTED_EDGE('',*,*,#1921,.F.);
#2433=ORIENTED_EDGE('',*,*,#1922,.F.);
#2434=ORIENTED_EDGE('',*,*,#1914,.T.);
#2435=ORIENTED_EDGE('',*,*,#1877,.F.);
#2436=ORIENTED_EDGE('',*,*,#1923,.F.);
#2437=ORIENTED_EDGE('',*,*,#1924,.F.);
#2438=ORIENTED_EDGE('',*,*,#1925,.T.);
#2439=ORIENTED_EDGE('',*,*,#1878,.F.);
#2440=ORIENTED_EDGE('',*,*,#1925,.F.);
#2441=ORIENTED_EDGE('',*,*,#1926,.F.);
#2442=ORIENTED_EDGE('',*,*,#1927,.T.);
#2443=ORIENTED_EDGE('',*,*,#1879,.F.);
#2444=ORIENTED_EDGE('',*,*,#1927,.F.);
#2445=ORIENTED_EDGE('',*,*,#1928,.F.);
#2446=ORIENTED_EDGE('',*,*,#1929,.T.);
#2447=ORIENTED_EDGE('',*,*,#1880,.F.);
#2448=ORIENTED_EDGE('',*,*,#1929,.F.);
#2449=ORIENTED_EDGE('',*,*,#1930,.F.);
#2450=ORIENTED_EDGE('',*,*,#1923,.T.);
#2451=ORIENTED_EDGE('',*,*,#1866,.T.);
#2452=ORIENTED_EDGE('',*,*,#1931,.T.);
#2453=ORIENTED_EDGE('',*,*,#1932,.F.);
#2454=ORIENTED_EDGE('',*,*,#1933,.F.);
#2455=ORIENTED_EDGE('',*,*,#1867,.T.);
#2456=ORIENTED_EDGE('',*,*,#1933,.T.);
#2457=ORIENTED_EDGE('',*,*,#1934,.F.);
#2458=ORIENTED_EDGE('',*,*,#1935,.F.);
#2459=ORIENTED_EDGE('',*,*,#1868,.T.);
#2460=ORIENTED_EDGE('',*,*,#1935,.T.);
#2461=ORIENTED_EDGE('',*,*,#1936,.F.);
#2462=ORIENTED_EDGE('',*,*,#1937,.F.);
#2463=ORIENTED_EDGE('',*,*,#1869,.T.);
#2464=ORIENTED_EDGE('',*,*,#1937,.T.);
#2465=ORIENTED_EDGE('',*,*,#1938,.F.);
#2466=ORIENTED_EDGE('',*,*,#1939,.F.);
#2467=ORIENTED_EDGE('',*,*,#1870,.T.);
#2468=ORIENTED_EDGE('',*,*,#1939,.T.);
#2469=ORIENTED_EDGE('',*,*,#1940,.F.);
#2470=ORIENTED_EDGE('',*,*,#1941,.F.);
#2471=ORIENTED_EDGE('',*,*,#1871,.T.);
#2472=ORIENTED_EDGE('',*,*,#1941,.T.);
#2473=ORIENTED_EDGE('',*,*,#1942,.F.);
#2474=ORIENTED_EDGE('',*,*,#1943,.F.);
#2475=ORIENTED_EDGE('',*,*,#1872,.T.);
#2476=ORIENTED_EDGE('',*,*,#1943,.T.);
#2477=ORIENTED_EDGE('',*,*,#1944,.F.);
#2478=ORIENTED_EDGE('',*,*,#1945,.F.);
#2479=ORIENTED_EDGE('',*,*,#1873,.T.);
#2480=ORIENTED_EDGE('',*,*,#1945,.T.);
#2481=ORIENTED_EDGE('',*,*,#1946,.F.);
#2482=ORIENTED_EDGE('',*,*,#1947,.F.);
#2483=ORIENTED_EDGE('',*,*,#1874,.T.);
#2484=ORIENTED_EDGE('',*,*,#1947,.T.);
#2485=ORIENTED_EDGE('',*,*,#1948,.F.);
#2486=ORIENTED_EDGE('',*,*,#1949,.F.);
#2487=ORIENTED_EDGE('',*,*,#1875,.T.);
#2488=ORIENTED_EDGE('',*,*,#1949,.T.);
#2489=ORIENTED_EDGE('',*,*,#1950,.F.);
#2490=ORIENTED_EDGE('',*,*,#1951,.F.);
#2491=ORIENTED_EDGE('',*,*,#1876,.T.);
#2492=ORIENTED_EDGE('',*,*,#1951,.T.);
#2493=ORIENTED_EDGE('',*,*,#1952,.F.);
#2494=ORIENTED_EDGE('',*,*,#1953,.F.);
#2495=ORIENTED_EDGE('',*,*,#1865,.T.);
#2496=ORIENTED_EDGE('',*,*,#1953,.T.);
#2497=ORIENTED_EDGE('',*,*,#1954,.F.);
#2498=ORIENTED_EDGE('',*,*,#1931,.F.);
#2499=ORIENTED_EDGE('',*,*,#1854,.T.);
#2500=ORIENTED_EDGE('',*,*,#1955,.T.);
#2501=ORIENTED_EDGE('',*,*,#1956,.F.);
#2502=ORIENTED_EDGE('',*,*,#1957,.F.);
#2503=ORIENTED_EDGE('',*,*,#1855,.T.);
#2504=ORIENTED_EDGE('',*,*,#1957,.T.);
#2505=ORIENTED_EDGE('',*,*,#1958,.F.);
#2506=ORIENTED_EDGE('',*,*,#1959,.F.);
#2507=ORIENTED_EDGE('',*,*,#1856,.T.);
#2508=ORIENTED_EDGE('',*,*,#1959,.T.);
#2509=ORIENTED_EDGE('',*,*,#1960,.F.);
#2510=ORIENTED_EDGE('',*,*,#1961,.F.);
#2511=ORIENTED_EDGE('',*,*,#1857,.T.);
#2512=ORIENTED_EDGE('',*,*,#1961,.T.);
#2513=ORIENTED_EDGE('',*,*,#1962,.F.);
#2514=ORIENTED_EDGE('',*,*,#1963,.F.);
#2515=ORIENTED_EDGE('',*,*,#1858,.T.);
#2516=ORIENTED_EDGE('',*,*,#1963,.T.);
#2517=ORIENTED_EDGE('',*,*,#1964,.F.);
#2518=ORIENTED_EDGE('',*,*,#1965,.F.);
#2519=ORIENTED_EDGE('',*,*,#1859,.T.);
#2520=ORIENTED_EDGE('',*,*,#1965,.T.);
#2521=ORIENTED_EDGE('',*,*,#1966,.F.);
#2522=ORIENTED_EDGE('',*,*,#1967,.F.);
#2523=ORIENTED_EDGE('',*,*,#1860,.T.);
#2524=ORIENTED_EDGE('',*,*,#1967,.T.);
#2525=ORIENTED_EDGE('',*,*,#1968,.F.);
#2526=ORIENTED_EDGE('',*,*,#1969,.F.);
#2527=ORIENTED_EDGE('',*,*,#1861,.T.);
#2528=ORIENTED_EDGE('',*,*,#1969,.T.);
#2529=ORIENTED_EDGE('',*,*,#1970,.F.);
#2530=ORIENTED_EDGE('',*,*,#1971,.F.);
#2531=ORIENTED_EDGE('',*,*,#1862,.T.);
#2532=ORIENTED_EDGE('',*,*,#1971,.T.);
#2533=ORIENTED_EDGE('',*,*,#1972,.F.);
#2534=ORIENTED_EDGE('',*,*,#1973,.F.);
#2535=ORIENTED_EDGE('',*,*,#1863,.T.);
#2536=ORIENTED_EDGE('',*,*,#1973,.T.);
#2537=ORIENTED_EDGE('',*,*,#1974,.F.);
#2538=ORIENTED_EDGE('',*,*,#1975,.F.);
#2539=ORIENTED_EDGE('',*,*,#1864,.T.);
#2540=ORIENTED_EDGE('',*,*,#1975,.T.);
#2541=ORIENTED_EDGE('',*,*,#1976,.F.);
#2542=ORIENTED_EDGE('',*,*,#1977,.F.);
#2543=ORIENTED_EDGE('',*,*,#1853,.T.);
#2544=ORIENTED_EDGE('',*,*,#1977,.T.);
#2545=ORIENTED_EDGE('',*,*,#1978,.F.);
#2546=ORIENTED_EDGE('',*,*,#1955,.F.);
#2547=ORIENTED_EDGE('',*,*,#1842,.T.);
#2548=ORIENTED_EDGE('',*,*,#1979,.T.);
#2549=ORIENTED_EDGE('',*,*,#1980,.F.);
#2550=ORIENTED_EDGE('',*,*,#1981,.F.);
#2551=ORIENTED_EDGE('',*,*,#1843,.T.);
#2552=ORIENTED_EDGE('',*,*,#1981,.T.);
#2553=ORIENTED_EDGE('',*,*,#1982,.F.);
#2554=ORIENTED_EDGE('',*,*,#1983,.F.);
#2555=ORIENTED_EDGE('',*,*,#1844,.T.);
#2556=ORIENTED_EDGE('',*,*,#1983,.T.);
#2557=ORIENTED_EDGE('',*,*,#1984,.F.);
#2558=ORIENTED_EDGE('',*,*,#1985,.F.);
#2559=ORIENTED_EDGE('',*,*,#1845,.T.);
#2560=ORIENTED_EDGE('',*,*,#1985,.T.);
#2561=ORIENTED_EDGE('',*,*,#1986,.F.);
#2562=ORIENTED_EDGE('',*,*,#1987,.F.);
#2563=ORIENTED_EDGE('',*,*,#1846,.T.);
#2564=ORIENTED_EDGE('',*,*,#1987,.T.);
#2565=ORIENTED_EDGE('',*,*,#1988,.F.);
#2566=ORIENTED_EDGE('',*,*,#1989,.F.);
#2567=ORIENTED_EDGE('',*,*,#1847,.T.);
#2568=ORIENTED_EDGE('',*,*,#1989,.T.);
#2569=ORIENTED_EDGE('',*,*,#1990,.F.);
#2570=ORIENTED_EDGE('',*,*,#1991,.F.);
#2571=ORIENTED_EDGE('',*,*,#1848,.T.);
#2572=ORIENTED_EDGE('',*,*,#1991,.T.);
#2573=ORIENTED_EDGE('',*,*,#1992,.F.);
#2574=ORIENTED_EDGE('',*,*,#1993,.F.);
#2575=ORIENTED_EDGE('',*,*,#1849,.T.);
#2576=ORIENTED_EDGE('',*,*,#1993,.T.);
#2577=ORIENTED_EDGE('',*,*,#1994,.F.);
#2578=ORIENTED_EDGE('',*,*,#1995,.F.);
#2579=ORIENTED_EDGE('',*,*,#1850,.T.);
#2580=ORIENTED_EDGE('',*,*,#1995,.T.);
#2581=ORIENTED_EDGE('',*,*,#1996,.F.);
#2582=ORIENTED_EDGE('',*,*,#1997,.F.);
#2583=ORIENTED_EDGE('',*,*,#1851,.T.);
#2584=ORIENTED_EDGE('',*,*,#1997,.T.);
#2585=ORIENTED_EDGE('',*,*,#1998,.F.);
#2586=ORIENTED_EDGE('',*,*,#1999,.F.);
#2587=ORIENTED_EDGE('',*,*,#1852,.T.);
#2588=ORIENTED_EDGE('',*,*,#1999,.T.);
#2589=ORIENTED_EDGE('',*,*,#2000,.F.);
#2590=ORIENTED_EDGE('',*,*,#2001,.F.);
#2591=ORIENTED_EDGE('',*,*,#1841,.T.);
#2592=ORIENTED_EDGE('',*,*,#2001,.T.);
#2593=ORIENTED_EDGE('',*,*,#2002,.F.);
#2594=ORIENTED_EDGE('',*,*,#1979,.F.);
#2595=ORIENTED_EDGE('',*,*,#1830,.T.);
#2596=ORIENTED_EDGE('',*,*,#2003,.T.);
#2597=ORIENTED_EDGE('',*,*,#2004,.F.);
#2598=ORIENTED_EDGE('',*,*,#2005,.F.);
#2599=ORIENTED_EDGE('',*,*,#1831,.T.);
#2600=ORIENTED_EDGE('',*,*,#2005,.T.);
#2601=ORIENTED_EDGE('',*,*,#2006,.F.);
#2602=ORIENTED_EDGE('',*,*,#2007,.F.);
#2603=ORIENTED_EDGE('',*,*,#1832,.T.);
#2604=ORIENTED_EDGE('',*,*,#2007,.T.);
#2605=ORIENTED_EDGE('',*,*,#2008,.F.);
#2606=ORIENTED_EDGE('',*,*,#2009,.F.);
#2607=ORIENTED_EDGE('',*,*,#1833,.T.);
#2608=ORIENTED_EDGE('',*,*,#2009,.T.);
#2609=ORIENTED_EDGE('',*,*,#2010,.F.);
#2610=ORIENTED_EDGE('',*,*,#2011,.F.);
#2611=ORIENTED_EDGE('',*,*,#1834,.T.);
#2612=ORIENTED_EDGE('',*,*,#2011,.T.);
#2613=ORIENTED_EDGE('',*,*,#2012,.F.);
#2614=ORIENTED_EDGE('',*,*,#2013,.F.);
#2615=ORIENTED_EDGE('',*,*,#1835,.T.);
#2616=ORIENTED_EDGE('',*,*,#2013,.T.);
#2617=ORIENTED_EDGE('',*,*,#2014,.F.);
#2618=ORIENTED_EDGE('',*,*,#2015,.F.);
#2619=ORIENTED_EDGE('',*,*,#1836,.T.);
#2620=ORIENTED_EDGE('',*,*,#2015,.T.);
#2621=ORIENTED_EDGE('',*,*,#2016,.F.);
#2622=ORIENTED_EDGE('',*,*,#2017,.F.);
#2623=ORIENTED_EDGE('',*,*,#1837,.T.);
#2624=ORIENTED_EDGE('',*,*,#2017,.T.);
#2625=ORIENTED_EDGE('',*,*,#2018,.F.);
#2626=ORIENTED_EDGE('',*,*,#2019,.F.);
#2627=ORIENTED_EDGE('',*,*,#1838,.T.);
#2628=ORIENTED_EDGE('',*,*,#2019,.T.);
#2629=ORIENTED_EDGE('',*,*,#2020,.F.);
#2630=ORIENTED_EDGE('',*,*,#2021,.F.);
#2631=ORIENTED_EDGE('',*,*,#1839,.T.);
#2632=ORIENTED_EDGE('',*,*,#2021,.T.);
#2633=ORIENTED_EDGE('',*,*,#2022,.F.);
#2634=ORIENTED_EDGE('',*,*,#2023,.F.);
#2635=ORIENTED_EDGE('',*,*,#1840,.T.);
#2636=ORIENTED_EDGE('',*,*,#2023,.T.);
#2637=ORIENTED_EDGE('',*,*,#2024,.F.);
#2638=ORIENTED_EDGE('',*,*,#2025,.F.);
#2639=ORIENTED_EDGE('',*,*,#1829,.T.);
#2640=ORIENTED_EDGE('',*,*,#2025,.T.);
#2641=ORIENTED_EDGE('',*,*,#2026,.F.);
#2642=ORIENTED_EDGE('',*,*,#2003,.F.);
#2643=ORIENTED_EDGE('',*,*,#1818,.T.);
#2644=ORIENTED_EDGE('',*,*,#2027,.T.);
#2645=ORIENTED_EDGE('',*,*,#2028,.F.);
#2646=ORIENTED_EDGE('',*,*,#2029,.F.);
#2647=ORIENTED_EDGE('',*,*,#1819,.T.);
#2648=ORIENTED_EDGE('',*,*,#2029,.T.);
#2649=ORIENTED_EDGE('',*,*,#2030,.F.);
#2650=ORIENTED_EDGE('',*,*,#2031,.F.);
#2651=ORIENTED_EDGE('',*,*,#1820,.T.);
#2652=ORIENTED_EDGE('',*,*,#2031,.T.);
#2653=ORIENTED_EDGE('',*,*,#2032,.F.);
#2654=ORIENTED_EDGE('',*,*,#2033,.F.);
#2655=ORIENTED_EDGE('',*,*,#1821,.T.);
#2656=ORIENTED_EDGE('',*,*,#2033,.T.);
#2657=ORIENTED_EDGE('',*,*,#2034,.F.);
#2658=ORIENTED_EDGE('',*,*,#2035,.F.);
#2659=ORIENTED_EDGE('',*,*,#1822,.T.);
#2660=ORIENTED_EDGE('',*,*,#2035,.T.);
#2661=ORIENTED_EDGE('',*,*,#2036,.F.);
#2662=ORIENTED_EDGE('',*,*,#2037,.F.);
#2663=ORIENTED_EDGE('',*,*,#1823,.T.);
#2664=ORIENTED_EDGE('',*,*,#2037,.T.);
#2665=ORIENTED_EDGE('',*,*,#2038,.F.);
#2666=ORIENTED_EDGE('',*,*,#2039,.F.);
#2667=ORIENTED_EDGE('',*,*,#1824,.T.);
#2668=ORIENTED_EDGE('',*,*,#2039,.T.);
#2669=ORIENTED_EDGE('',*,*,#2040,.F.);
#2670=ORIENTED_EDGE('',*,*,#2041,.F.);
#2671=ORIENTED_EDGE('',*,*,#1825,.T.);
#2672=ORIENTED_EDGE('',*,*,#2041,.T.);
#2673=ORIENTED_EDGE('',*,*,#2042,.F.);
#2674=ORIENTED_EDGE('',*,*,#2043,.F.);
#2675=ORIENTED_EDGE('',*,*,#1826,.T.);
#2676=ORIENTED_EDGE('',*,*,#2043,.T.);
#2677=ORIENTED_EDGE('',*,*,#2044,.F.);
#2678=ORIENTED_EDGE('',*,*,#2045,.F.);
#2679=ORIENTED_EDGE('',*,*,#1827,.T.);
#2680=ORIENTED_EDGE('',*,*,#2045,.T.);
#2681=ORIENTED_EDGE('',*,*,#2046,.F.);
#2682=ORIENTED_EDGE('',*,*,#2047,.F.);
#2683=ORIENTED_EDGE('',*,*,#1828,.T.);
#2684=ORIENTED_EDGE('',*,*,#2047,.T.);
#2685=ORIENTED_EDGE('',*,*,#2048,.F.);
#2686=ORIENTED_EDGE('',*,*,#2049,.F.);
#2687=ORIENTED_EDGE('',*,*,#1817,.T.);
#2688=ORIENTED_EDGE('',*,*,#2049,.T.);
#2689=ORIENTED_EDGE('',*,*,#2050,.F.);
#2690=ORIENTED_EDGE('',*,*,#2027,.F.);
#2691=ORIENTED_EDGE('',*,*,#1806,.T.);
#2692=ORIENTED_EDGE('',*,*,#2051,.T.);
#2693=ORIENTED_EDGE('',*,*,#2052,.F.);
#2694=ORIENTED_EDGE('',*,*,#2053,.F.);
#2695=ORIENTED_EDGE('',*,*,#1807,.T.);
#2696=ORIENTED_EDGE('',*,*,#2053,.T.);
#2697=ORIENTED_EDGE('',*,*,#2054,.F.);
#2698=ORIENTED_EDGE('',*,*,#2055,.F.);
#2699=ORIENTED_EDGE('',*,*,#1808,.T.);
#2700=ORIENTED_EDGE('',*,*,#2055,.T.);
#2701=ORIENTED_EDGE('',*,*,#2056,.F.);
#2702=ORIENTED_EDGE('',*,*,#2057,.F.);
#2703=ORIENTED_EDGE('',*,*,#1809,.T.);
#2704=ORIENTED_EDGE('',*,*,#2057,.T.);
#2705=ORIENTED_EDGE('',*,*,#2058,.F.);
#2706=ORIENTED_EDGE('',*,*,#2059,.F.);
#2707=ORIENTED_EDGE('',*,*,#1810,.T.);
#2708=ORIENTED_EDGE('',*,*,#2059,.T.);
#2709=ORIENTED_EDGE('',*,*,#2060,.F.);
#2710=ORIENTED_EDGE('',*,*,#2061,.F.);
#2711=ORIENTED_EDGE('',*,*,#1811,.T.);
#2712=ORIENTED_EDGE('',*,*,#2061,.T.);
#2713=ORIENTED_EDGE('',*,*,#2062,.F.);
#2714=ORIENTED_EDGE('',*,*,#2063,.F.);
#2715=ORIENTED_EDGE('',*,*,#1812,.T.);
#2716=ORIENTED_EDGE('',*,*,#2063,.T.);
#2717=ORIENTED_EDGE('',*,*,#2064,.F.);
#2718=ORIENTED_EDGE('',*,*,#2065,.F.);
#2719=ORIENTED_EDGE('',*,*,#1813,.T.);
#2720=ORIENTED_EDGE('',*,*,#2065,.T.);
#2721=ORIENTED_EDGE('',*,*,#2066,.F.);
#2722=ORIENTED_EDGE('',*,*,#2067,.F.);
#2723=ORIENTED_EDGE('',*,*,#1814,.T.);
#2724=ORIENTED_EDGE('',*,*,#2067,.T.);
#2725=ORIENTED_EDGE('',*,*,#2068,.F.);
#2726=ORIENTED_EDGE('',*,*,#2069,.F.);
#2727=ORIENTED_EDGE('',*,*,#1815,.T.);
#2728=ORIENTED_EDGE('',*,*,#2069,.T.);
#2729=ORIENTED_EDGE('',*,*,#2070,.F.);
#2730=ORIENTED_EDGE('',*,*,#2071,.F.);
#2731=ORIENTED_EDGE('',*,*,#1816,.T.);
#2732=ORIENTED_EDGE('',*,*,#2071,.T.);
#2733=ORIENTED_EDGE('',*,*,#2072,.F.);
#2734=ORIENTED_EDGE('',*,*,#2073,.F.);
#2735=ORIENTED_EDGE('',*,*,#1805,.T.);
#2736=ORIENTED_EDGE('',*,*,#2073,.T.);
#2737=ORIENTED_EDGE('',*,*,#2074,.F.);
#2738=ORIENTED_EDGE('',*,*,#2051,.F.);
#2739=ORIENTED_EDGE('',*,*,#1794,.T.);
#2740=ORIENTED_EDGE('',*,*,#2075,.T.);
#2741=ORIENTED_EDGE('',*,*,#2076,.F.);
#2742=ORIENTED_EDGE('',*,*,#2077,.F.);
#2743=ORIENTED_EDGE('',*,*,#1795,.T.);
#2744=ORIENTED_EDGE('',*,*,#2077,.T.);
#2745=ORIENTED_EDGE('',*,*,#2078,.F.);
#2746=ORIENTED_EDGE('',*,*,#2079,.F.);
#2747=ORIENTED_EDGE('',*,*,#1796,.T.);
#2748=ORIENTED_EDGE('',*,*,#2079,.T.);
#2749=ORIENTED_EDGE('',*,*,#2080,.F.);
#2750=ORIENTED_EDGE('',*,*,#2081,.F.);
#2751=ORIENTED_EDGE('',*,*,#1797,.T.);
#2752=ORIENTED_EDGE('',*,*,#2081,.T.);
#2753=ORIENTED_EDGE('',*,*,#2082,.F.);
#2754=ORIENTED_EDGE('',*,*,#2083,.F.);
#2755=ORIENTED_EDGE('',*,*,#1798,.T.);
#2756=ORIENTED_EDGE('',*,*,#2083,.T.);
#2757=ORIENTED_EDGE('',*,*,#2084,.F.);
#2758=ORIENTED_EDGE('',*,*,#2085,.F.);
#2759=ORIENTED_EDGE('',*,*,#1799,.T.);
#2760=ORIENTED_EDGE('',*,*,#2085,.T.);
#2761=ORIENTED_EDGE('',*,*,#2086,.F.);
#2762=ORIENTED_EDGE('',*,*,#2087,.F.);
#2763=ORIENTED_EDGE('',*,*,#1800,.T.);
#2764=ORIENTED_EDGE('',*,*,#2087,.T.);
#2765=ORIENTED_EDGE('',*,*,#2088,.F.);
#2766=ORIENTED_EDGE('',*,*,#2089,.F.);
#2767=ORIENTED_EDGE('',*,*,#1801,.T.);
#2768=ORIENTED_EDGE('',*,*,#2089,.T.);
#2769=ORIENTED_EDGE('',*,*,#2090,.F.);
#2770=ORIENTED_EDGE('',*,*,#2091,.F.);
#2771=ORIENTED_EDGE('',*,*,#1802,.T.);
#2772=ORIENTED_EDGE('',*,*,#2091,.T.);
#2773=ORIENTED_EDGE('',*,*,#2092,.F.);
#2774=ORIENTED_EDGE('',*,*,#2093,.F.);
#2775=ORIENTED_EDGE('',*,*,#1803,.T.);
#2776=ORIENTED_EDGE('',*,*,#2093,.T.);
#2777=ORIENTED_EDGE('',*,*,#2094,.F.);
#2778=ORIENTED_EDGE('',*,*,#2095,.F.);
#2779=ORIENTED_EDGE('',*,*,#1804,.T.);
#2780=ORIENTED_EDGE('',*,*,#2095,.T.);
#2781=ORIENTED_EDGE('',*,*,#2096,.F.);
#2782=ORIENTED_EDGE('',*,*,#2097,.F.);
#2783=ORIENTED_EDGE('',*,*,#1793,.T.);
#2784=ORIENTED_EDGE('',*,*,#2097,.T.);
#2785=ORIENTED_EDGE('',*,*,#2098,.F.);
#2786=ORIENTED_EDGE('',*,*,#2075,.F.);
#2787=ORIENTED_EDGE('',*,*,#1782,.T.);
#2788=ORIENTED_EDGE('',*,*,#2099,.T.);
#2789=ORIENTED_EDGE('',*,*,#2100,.F.);
#2790=ORIENTED_EDGE('',*,*,#2101,.F.);
#2791=ORIENTED_EDGE('',*,*,#1783,.T.);
#2792=ORIENTED_EDGE('',*,*,#2101,.T.);
#2793=ORIENTED_EDGE('',*,*,#2102,.F.);
#2794=ORIENTED_EDGE('',*,*,#2103,.F.);
#2795=ORIENTED_EDGE('',*,*,#1784,.T.);
#2796=ORIENTED_EDGE('',*,*,#2103,.T.);
#2797=ORIENTED_EDGE('',*,*,#2104,.F.);
#2798=ORIENTED_EDGE('',*,*,#2105,.F.);
#2799=ORIENTED_EDGE('',*,*,#1785,.T.);
#2800=ORIENTED_EDGE('',*,*,#2105,.T.);
#2801=ORIENTED_EDGE('',*,*,#2106,.F.);
#2802=ORIENTED_EDGE('',*,*,#2107,.F.);
#2803=ORIENTED_EDGE('',*,*,#1786,.T.);
#2804=ORIENTED_EDGE('',*,*,#2107,.T.);
#2805=ORIENTED_EDGE('',*,*,#2108,.F.);
#2806=ORIENTED_EDGE('',*,*,#2109,.F.);
#2807=ORIENTED_EDGE('',*,*,#1787,.T.);
#2808=ORIENTED_EDGE('',*,*,#2109,.T.);
#2809=ORIENTED_EDGE('',*,*,#2110,.F.);
#2810=ORIENTED_EDGE('',*,*,#2111,.F.);
#2811=ORIENTED_EDGE('',*,*,#1788,.T.);
#2812=ORIENTED_EDGE('',*,*,#2111,.T.);
#2813=ORIENTED_EDGE('',*,*,#2112,.F.);
#2814=ORIENTED_EDGE('',*,*,#2113,.F.);
#2815=ORIENTED_EDGE('',*,*,#1789,.T.);
#2816=ORIENTED_EDGE('',*,*,#2113,.T.);
#2817=ORIENTED_EDGE('',*,*,#2114,.F.);
#2818=ORIENTED_EDGE('',*,*,#2115,.F.);
#2819=ORIENTED_EDGE('',*,*,#1790,.T.);
#2820=ORIENTED_EDGE('',*,*,#2115,.T.);
#2821=ORIENTED_EDGE('',*,*,#2116,.F.);
#2822=ORIENTED_EDGE('',*,*,#2117,.F.);
#2823=ORIENTED_EDGE('',*,*,#1791,.T.);
#2824=ORIENTED_EDGE('',*,*,#2117,.T.);
#2825=ORIENTED_EDGE('',*,*,#2118,.F.);
#2826=ORIENTED_EDGE('',*,*,#2119,.F.);
#2827=ORIENTED_EDGE('',*,*,#1792,.T.);
#2828=ORIENTED_EDGE('',*,*,#2119,.T.);
#2829=ORIENTED_EDGE('',*,*,#2120,.F.);
#2830=ORIENTED_EDGE('',*,*,#2121,.F.);
#2831=ORIENTED_EDGE('',*,*,#1781,.T.);
#2832=ORIENTED_EDGE('',*,*,#2121,.T.);
#2833=ORIENTED_EDGE('',*,*,#2122,.F.);
#2834=ORIENTED_EDGE('',*,*,#2099,.F.);
#2835=ORIENTED_EDGE('',*,*,#1770,.T.);
#2836=ORIENTED_EDGE('',*,*,#2123,.T.);
#2837=ORIENTED_EDGE('',*,*,#2124,.F.);
#2838=ORIENTED_EDGE('',*,*,#2125,.F.);
#2839=ORIENTED_EDGE('',*,*,#1771,.T.);
#2840=ORIENTED_EDGE('',*,*,#2125,.T.);
#2841=ORIENTED_EDGE('',*,*,#2126,.F.);
#2842=ORIENTED_EDGE('',*,*,#2127,.F.);
#2843=ORIENTED_EDGE('',*,*,#1772,.T.);
#2844=ORIENTED_EDGE('',*,*,#2127,.T.);
#2845=ORIENTED_EDGE('',*,*,#2128,.F.);
#2846=ORIENTED_EDGE('',*,*,#2129,.F.);
#2847=ORIENTED_EDGE('',*,*,#1773,.T.);
#2848=ORIENTED_EDGE('',*,*,#2129,.T.);
#2849=ORIENTED_EDGE('',*,*,#2130,.F.);
#2850=ORIENTED_EDGE('',*,*,#2131,.F.);
#2851=ORIENTED_EDGE('',*,*,#1774,.T.);
#2852=ORIENTED_EDGE('',*,*,#2131,.T.);
#2853=ORIENTED_EDGE('',*,*,#2132,.F.);
#2854=ORIENTED_EDGE('',*,*,#2133,.F.);
#2855=ORIENTED_EDGE('',*,*,#1775,.T.);
#2856=ORIENTED_EDGE('',*,*,#2133,.T.);
#2857=ORIENTED_EDGE('',*,*,#2134,.F.);
#2858=ORIENTED_EDGE('',*,*,#2135,.F.);
#2859=ORIENTED_EDGE('',*,*,#1776,.T.);
#2860=ORIENTED_EDGE('',*,*,#2135,.T.);
#2861=ORIENTED_EDGE('',*,*,#2136,.F.);
#2862=ORIENTED_EDGE('',*,*,#2137,.F.);
#2863=ORIENTED_EDGE('',*,*,#1777,.T.);
#2864=ORIENTED_EDGE('',*,*,#2137,.T.);
#2865=ORIENTED_EDGE('',*,*,#2138,.F.);
#2866=ORIENTED_EDGE('',*,*,#2139,.F.);
#2867=ORIENTED_EDGE('',*,*,#1778,.T.);
#2868=ORIENTED_EDGE('',*,*,#2139,.T.);
#2869=ORIENTED_EDGE('',*,*,#2140,.F.);
#2870=ORIENTED_EDGE('',*,*,#2141,.F.);
#2871=ORIENTED_EDGE('',*,*,#1779,.T.);
#2872=ORIENTED_EDGE('',*,*,#2141,.T.);
#2873=ORIENTED_EDGE('',*,*,#2142,.F.);
#2874=ORIENTED_EDGE('',*,*,#2143,.F.);
#2875=ORIENTED_EDGE('',*,*,#1780,.T.);
#2876=ORIENTED_EDGE('',*,*,#2143,.T.);
#2877=ORIENTED_EDGE('',*,*,#2144,.F.);
#2878=ORIENTED_EDGE('',*,*,#2145,.F.);
#2879=ORIENTED_EDGE('',*,*,#1769,.T.);
#2880=ORIENTED_EDGE('',*,*,#2145,.T.);
#2881=ORIENTED_EDGE('',*,*,#2146,.F.);
#2882=ORIENTED_EDGE('',*,*,#2123,.F.);
#2883=ORIENTED_EDGE('',*,*,#1758,.T.);
#2884=ORIENTED_EDGE('',*,*,#2147,.T.);
#2885=ORIENTED_EDGE('',*,*,#2148,.F.);
#2886=ORIENTED_EDGE('',*,*,#2149,.F.);
#2887=ORIENTED_EDGE('',*,*,#1759,.T.);
#2888=ORIENTED_EDGE('',*,*,#2149,.T.);
#2889=ORIENTED_EDGE('',*,*,#2150,.F.);
#2890=ORIENTED_EDGE('',*,*,#2151,.F.);
#2891=ORIENTED_EDGE('',*,*,#1760,.T.);
#2892=ORIENTED_EDGE('',*,*,#2151,.T.);
#2893=ORIENTED_EDGE('',*,*,#2152,.F.);
#2894=ORIENTED_EDGE('',*,*,#2153,.F.);
#2895=ORIENTED_EDGE('',*,*,#1761,.T.);
#2896=ORIENTED_EDGE('',*,*,#2153,.T.);
#2897=ORIENTED_EDGE('',*,*,#2154,.F.);
#2898=ORIENTED_EDGE('',*,*,#2155,.F.);
#2899=ORIENTED_EDGE('',*,*,#1762,.T.);
#2900=ORIENTED_EDGE('',*,*,#2155,.T.);
#2901=ORIENTED_EDGE('',*,*,#2156,.F.);
#2902=ORIENTED_EDGE('',*,*,#2157,.F.);
#2903=ORIENTED_EDGE('',*,*,#1763,.T.);
#2904=ORIENTED_EDGE('',*,*,#2157,.T.);
#2905=ORIENTED_EDGE('',*,*,#2158,.F.);
#2906=ORIENTED_EDGE('',*,*,#2159,.F.);
#2907=ORIENTED_EDGE('',*,*,#1764,.T.);
#2908=ORIENTED_EDGE('',*,*,#2159,.T.);
#2909=ORIENTED_EDGE('',*,*,#2160,.F.);
#2910=ORIENTED_EDGE('',*,*,#2161,.F.);
#2911=ORIENTED_EDGE('',*,*,#1765,.T.);
#2912=ORIENTED_EDGE('',*,*,#2161,.T.);
#2913=ORIENTED_EDGE('',*,*,#2162,.F.);
#2914=ORIENTED_EDGE('',*,*,#2163,.F.);
#2915=ORIENTED_EDGE('',*,*,#1766,.T.);
#2916=ORIENTED_EDGE('',*,*,#2163,.T.);
#2917=ORIENTED_EDGE('',*,*,#2164,.F.);
#2918=ORIENTED_EDGE('',*,*,#2165,.F.);
#2919=ORIENTED_EDGE('',*,*,#1767,.T.);
#2920=ORIENTED_EDGE('',*,*,#2165,.T.);
#2921=ORIENTED_EDGE('',*,*,#2166,.F.);
#2922=ORIENTED_EDGE('',*,*,#2167,.F.);
#2923=ORIENTED_EDGE('',*,*,#1768,.T.);
#2924=ORIENTED_EDGE('',*,*,#2167,.T.);
#2925=ORIENTED_EDGE('',*,*,#2168,.F.);
#2926=ORIENTED_EDGE('',*,*,#2169,.F.);
#2927=ORIENTED_EDGE('',*,*,#1757,.T.);
#2928=ORIENTED_EDGE('',*,*,#2169,.T.);
#2929=ORIENTED_EDGE('',*,*,#2170,.F.);
#2930=ORIENTED_EDGE('',*,*,#2147,.F.);
#2931=ORIENTED_EDGE('',*,*,#1731,.T.);
#2932=ORIENTED_EDGE('',*,*,#1740,.F.);
#2933=ORIENTED_EDGE('',*,*,#1910,.T.);
#2934=ORIENTED_EDGE('',*,*,#1912,.F.);
#2935=ORIENTED_EDGE('',*,*,#1913,.T.);
#2936=ORIENTED_EDGE('',*,*,#1902,.F.);
#2937=ORIENTED_EDGE('',*,*,#1905,.T.);
#2938=ORIENTED_EDGE('',*,*,#1907,.F.);
#2939=ORIENTED_EDGE('',*,*,#1908,.T.);
#2940=ORIENTED_EDGE('',*,*,#1735,.F.);
#2941=ORIENTED_EDGE('',*,*,#1727,.T.);
#2942=ORIENTED_EDGE('',*,*,#1743,.T.);
#2943=ORIENTED_EDGE('',*,*,#1919,.T.);
#2944=ORIENTED_EDGE('',*,*,#1917,.T.);
#2945=ORIENTED_EDGE('',*,*,#1915,.T.);
#2946=ORIENTED_EDGE('',*,*,#1922,.T.);
#2947=ORIENTED_EDGE('',*,*,#1920,.T.);
#2948=ORIENTED_EDGE('',*,*,#1899,.T.);
#2949=ORIENTED_EDGE('',*,*,#1715,.T.);
#2950=ORIENTED_EDGE('',*,*,#1718,.T.);
#2951=ORIENTED_EDGE('',*,*,#1721,.T.);
#2952=ORIENTED_EDGE('',*,*,#1724,.T.);
#2953=ORIENTED_EDGE('',*,*,#1894,.T.);
#2954=ORIENTED_EDGE('',*,*,#1892,.T.);
#2955=ORIENTED_EDGE('',*,*,#1890,.T.);
#2956=ORIENTED_EDGE('',*,*,#1888,.T.);
#2957=ORIENTED_EDGE('',*,*,#1898,.T.);
#2958=ORIENTED_EDGE('',*,*,#1896,.T.);
#2959=ORIENTED_EDGE('',*,*,#1924,.T.);
#2960=ORIENTED_EDGE('',*,*,#1930,.T.);
#2961=ORIENTED_EDGE('',*,*,#1928,.T.);
#2962=ORIENTED_EDGE('',*,*,#1926,.T.);
#2963=ORIENTED_EDGE('',*,*,#1954,.T.);
#2964=ORIENTED_EDGE('',*,*,#1952,.T.);
#2965=ORIENTED_EDGE('',*,*,#1950,.T.);
#2966=ORIENTED_EDGE('',*,*,#1948,.T.);
#2967=ORIENTED_EDGE('',*,*,#1946,.T.);
#2968=ORIENTED_EDGE('',*,*,#1944,.T.);
#2969=ORIENTED_EDGE('',*,*,#1942,.T.);
#2970=ORIENTED_EDGE('',*,*,#1940,.T.);
#2971=ORIENTED_EDGE('',*,*,#1938,.T.);
#2972=ORIENTED_EDGE('',*,*,#1936,.T.);
#2973=ORIENTED_EDGE('',*,*,#1934,.T.);
#2974=ORIENTED_EDGE('',*,*,#1932,.T.);
#2975=ORIENTED_EDGE('',*,*,#1978,.T.);
#2976=ORIENTED_EDGE('',*,*,#1976,.T.);
#2977=ORIENTED_EDGE('',*,*,#1974,.T.);
#2978=ORIENTED_EDGE('',*,*,#1972,.T.);
#2979=ORIENTED_EDGE('',*,*,#1970,.T.);
#2980=ORIENTED_EDGE('',*,*,#1968,.T.);
#2981=ORIENTED_EDGE('',*,*,#1966,.T.);
#2982=ORIENTED_EDGE('',*,*,#1964,.T.);
#2983=ORIENTED_EDGE('',*,*,#1962,.T.);
#2984=ORIENTED_EDGE('',*,*,#1960,.T.);
#2985=ORIENTED_EDGE('',*,*,#1958,.T.);
#2986=ORIENTED_EDGE('',*,*,#1956,.T.);
#2987=ORIENTED_EDGE('',*,*,#2002,.T.);
#2988=ORIENTED_EDGE('',*,*,#2000,.T.);
#2989=ORIENTED_EDGE('',*,*,#1998,.T.);
#2990=ORIENTED_EDGE('',*,*,#1996,.T.);
#2991=ORIENTED_EDGE('',*,*,#1994,.T.);
#2992=ORIENTED_EDGE('',*,*,#1992,.T.);
#2993=ORIENTED_EDGE('',*,*,#1990,.T.);
#2994=ORIENTED_EDGE('',*,*,#1988,.T.);
#2995=ORIENTED_EDGE('',*,*,#1986,.T.);
#2996=ORIENTED_EDGE('',*,*,#1984,.T.);
#2997=ORIENTED_EDGE('',*,*,#1982,.T.);
#2998=ORIENTED_EDGE('',*,*,#1980,.T.);
#2999=ORIENTED_EDGE('',*,*,#2026,.T.);
#3000=ORIENTED_EDGE('',*,*,#2024,.T.);
#3001=ORIENTED_EDGE('',*,*,#2022,.T.);
#3002=ORIENTED_EDGE('',*,*,#2020,.T.);
#3003=ORIENTED_EDGE('',*,*,#2018,.T.);
#3004=ORIENTED_EDGE('',*,*,#2016,.T.);
#3005=ORIENTED_EDGE('',*,*,#2014,.T.);
#3006=ORIENTED_EDGE('',*,*,#2012,.T.);
#3007=ORIENTED_EDGE('',*,*,#2010,.T.);
#3008=ORIENTED_EDGE('',*,*,#2008,.T.);
#3009=ORIENTED_EDGE('',*,*,#2006,.T.);
#3010=ORIENTED_EDGE('',*,*,#2004,.T.);
#3011=ORIENTED_EDGE('',*,*,#2050,.T.);
#3012=ORIENTED_EDGE('',*,*,#2048,.T.);
#3013=ORIENTED_EDGE('',*,*,#2046,.T.);
#3014=ORIENTED_EDGE('',*,*,#2044,.T.);
#3015=ORIENTED_EDGE('',*,*,#2042,.T.);
#3016=ORIENTED_EDGE('',*,*,#2040,.T.);
#3017=ORIENTED_EDGE('',*,*,#2038,.T.);
#3018=ORIENTED_EDGE('',*,*,#2036,.T.);
#3019=ORIENTED_EDGE('',*,*,#2034,.T.);
#3020=ORIENTED_EDGE('',*,*,#2032,.T.);
#3021=ORIENTED_EDGE('',*,*,#2030,.T.);
#3022=ORIENTED_EDGE('',*,*,#2028,.T.);
#3023=ORIENTED_EDGE('',*,*,#2074,.T.);
#3024=ORIENTED_EDGE('',*,*,#2072,.T.);
#3025=ORIENTED_EDGE('',*,*,#2070,.T.);
#3026=ORIENTED_EDGE('',*,*,#2068,.T.);
#3027=ORIENTED_EDGE('',*,*,#2066,.T.);
#3028=ORIENTED_EDGE('',*,*,#2064,.T.);
#3029=ORIENTED_EDGE('',*,*,#2062,.T.);
#3030=ORIENTED_EDGE('',*,*,#2060,.T.);
#3031=ORIENTED_EDGE('',*,*,#2058,.T.);
#3032=ORIENTED_EDGE('',*,*,#2056,.T.);
#3033=ORIENTED_EDGE('',*,*,#2054,.T.);
#3034=ORIENTED_EDGE('',*,*,#2052,.T.);
#3035=ORIENTED_EDGE('',*,*,#2098,.T.);
#3036=ORIENTED_EDGE('',*,*,#2096,.T.);
#3037=ORIENTED_EDGE('',*,*,#2094,.T.);
#3038=ORIENTED_EDGE('',*,*,#2092,.T.);
#3039=ORIENTED_EDGE('',*,*,#2090,.T.);
#3040=ORIENTED_EDGE('',*,*,#2088,.T.);
#3041=ORIENTED_EDGE('',*,*,#2086,.T.);
#3042=ORIENTED_EDGE('',*,*,#2084,.T.);
#3043=ORIENTED_EDGE('',*,*,#2082,.T.);
#3044=ORIENTED_EDGE('',*,*,#2080,.T.);
#3045=ORIENTED_EDGE('',*,*,#2078,.T.);
#3046=ORIENTED_EDGE('',*,*,#2076,.T.);
#3047=ORIENTED_EDGE('',*,*,#2122,.T.);
#3048=ORIENTED_EDGE('',*,*,#2120,.T.);
#3049=ORIENTED_EDGE('',*,*,#2118,.T.);
#3050=ORIENTED_EDGE('',*,*,#2116,.T.);
#3051=ORIENTED_EDGE('',*,*,#2114,.T.);
#3052=ORIENTED_EDGE('',*,*,#2112,.T.);
#3053=ORIENTED_EDGE('',*,*,#2110,.T.);
#3054=ORIENTED_EDGE('',*,*,#2108,.T.);
#3055=ORIENTED_EDGE('',*,*,#2106,.T.);
#3056=ORIENTED_EDGE('',*,*,#2104,.T.);
#3057=ORIENTED_EDGE('',*,*,#2102,.T.);
#3058=ORIENTED_EDGE('',*,*,#2100,.T.);
#3059=ORIENTED_EDGE('',*,*,#2146,.T.);
#3060=ORIENTED_EDGE('',*,*,#2144,.T.);
#3061=ORIENTED_EDGE('',*,*,#2142,.T.);
#3062=ORIENTED_EDGE('',*,*,#2140,.T.);
#3063=ORIENTED_EDGE('',*,*,#2138,.T.);
#3064=ORIENTED_EDGE('',*,*,#2136,.T.);
#3065=ORIENTED_EDGE('',*,*,#2134,.T.);
#3066=ORIENTED_EDGE('',*,*,#2132,.T.);
#3067=ORIENTED_EDGE('',*,*,#2130,.T.);
#3068=ORIENTED_EDGE('',*,*,#2128,.T.);
#3069=ORIENTED_EDGE('',*,*,#2126,.T.);
#3070=ORIENTED_EDGE('',*,*,#2124,.T.);
#3071=ORIENTED_EDGE('',*,*,#2170,.T.);
#3072=ORIENTED_EDGE('',*,*,#2168,.T.);
#3073=ORIENTED_EDGE('',*,*,#2166,.T.);
#3074=ORIENTED_EDGE('',*,*,#2164,.T.);
#3075=ORIENTED_EDGE('',*,*,#2162,.T.);
#3076=ORIENTED_EDGE('',*,*,#2160,.T.);
#3077=ORIENTED_EDGE('',*,*,#2158,.T.);
#3078=ORIENTED_EDGE('',*,*,#2156,.T.);
#3079=ORIENTED_EDGE('',*,*,#2154,.T.);
#3080=ORIENTED_EDGE('',*,*,#2152,.T.);
#3081=ORIENTED_EDGE('',*,*,#2150,.T.);
#3082=ORIENTED_EDGE('',*,*,#2148,.T.);
#3083=CYLINDRICAL_SURFACE('',#3265,1.70000000000002);
#3084=CYLINDRICAL_SURFACE('',#3268,1.7);
#3085=CYLINDRICAL_SURFACE('',#3271,1.69999999999999);
#3086=CYLINDRICAL_SURFACE('',#3274,1.7);
#3087=CYLINDRICAL_SURFACE('',#3277,2.75);
#3088=CYLINDRICAL_SURFACE('',#3280,2.75);
#3089=CYLINDRICAL_SURFACE('',#3296,0.699999999999998);
#3090=CYLINDRICAL_SURFACE('',#3299,0.700000000000002);
#3091=CYLINDRICAL_SURFACE('',#3305,5.00000000000002);
#3092=CYLINDRICAL_SURFACE('',#3308,5.00000000000002);
#3093=CYLINDRICAL_SURFACE('',#3310,5.);
#3094=CYLINDRICAL_SURFACE('',#3313,5.00000000000001);
#3095=CYLINDRICAL_SURFACE('',#3316,1.88);
#3096=CYLINDRICAL_SURFACE('',#3320,1.88);
#3097=ADVANCED_FACE('',(#187),#3083,.F.);
#3098=ADVANCED_FACE('',(#188),#3084,.F.);
#3099=ADVANCED_FACE('',(#189),#3085,.F.);
#3100=ADVANCED_FACE('',(#190),#3086,.F.);
#3101=ADVANCED_FACE('',(#191),#3087,.F.);
#3102=ADVANCED_FACE('',(#192),#3088,.F.);
#3103=ADVANCED_FACE('',(#193),#47,.T.);
#3104=ADVANCED_FACE('',(#194),#48,.T.);
#3105=ADVANCED_FACE('',(#195),#49,.T.);
#3106=ADVANCED_FACE('',(#196,#15,#16,#17,#18,#19,#20,#21,#22,#23,#24,#25,
#26,#27,#28,#29,#30),#50,.F.);
#3107=ADVANCED_FACE('',(#197),#51,.F.);
#3108=ADVANCED_FACE('',(#198),#3089,.F.);
#3109=ADVANCED_FACE('',(#199),#52,.F.);
#3110=ADVANCED_FACE('',(#200),#3090,.F.);
#3111=ADVANCED_FACE('',(#201),#53,.F.);
#3112=ADVANCED_FACE('',(#202),#54,.F.);
#3113=ADVANCED_FACE('',(#203),#55,.T.);
#3114=ADVANCED_FACE('',(#204),#56,.T.);
#3115=ADVANCED_FACE('',(#205),#3091,.T.);
#3116=ADVANCED_FACE('',(#206),#57,.T.);
#3117=ADVANCED_FACE('',(#207),#3092,.T.);
#3118=ADVANCED_FACE('',(#208),#3093,.T.);
#3119=ADVANCED_FACE('',(#209),#58,.T.);
#3120=ADVANCED_FACE('',(#210),#3094,.T.);
#3121=ADVANCED_FACE('',(#211),#59,.F.);
#3122=ADVANCED_FACE('',(#212),#3095,.F.);
#3123=ADVANCED_FACE('',(#213),#60,.F.);
#3124=ADVANCED_FACE('',(#214),#61,.F.);
#3125=ADVANCED_FACE('',(#215),#3096,.F.);
#3126=ADVANCED_FACE('',(#216),#62,.F.);
#3127=ADVANCED_FACE('',(#217),#63,.F.);
#3128=ADVANCED_FACE('',(#218),#64,.F.);
#3129=ADVANCED_FACE('',(#219),#65,.F.);
#3130=ADVANCED_FACE('',(#220),#66,.T.);
#3131=ADVANCED_FACE('',(#221),#67,.T.);
#3132=ADVANCED_FACE('',(#222),#68,.T.);
#3133=ADVANCED_FACE('',(#223),#69,.T.);
#3134=ADVANCED_FACE('',(#224),#70,.T.);
#3135=ADVANCED_FACE('',(#225),#71,.T.);
#3136=ADVANCED_FACE('',(#226),#72,.T.);
#3137=ADVANCED_FACE('',(#227),#73,.T.);
#3138=ADVANCED_FACE('',(#228),#74,.T.);
#3139=ADVANCED_FACE('',(#229),#75,.T.);
#3140=ADVANCED_FACE('',(#230),#76,.T.);
#3141=ADVANCED_FACE('',(#231),#77,.T.);
#3142=ADVANCED_FACE('',(#232),#78,.T.);
#3143=ADVANCED_FACE('',(#233),#79,.T.);
#3144=ADVANCED_FACE('',(#234),#80,.T.);
#3145=ADVANCED_FACE('',(#235),#81,.T.);
#3146=ADVANCED_FACE('',(#236),#82,.T.);
#3147=ADVANCED_FACE('',(#237),#83,.T.);
#3148=ADVANCED_FACE('',(#238),#84,.T.);
#3149=ADVANCED_FACE('',(#239),#85,.T.);
#3150=ADVANCED_FACE('',(#240),#86,.T.);
#3151=ADVANCED_FACE('',(#241),#87,.T.);
#3152=ADVANCED_FACE('',(#242),#88,.T.);
#3153=ADVANCED_FACE('',(#243),#89,.T.);
#3154=ADVANCED_FACE('',(#244),#90,.T.);
#3155=ADVANCED_FACE('',(#245),#91,.T.);
#3156=ADVANCED_FACE('',(#246),#92,.T.);
#3157=ADVANCED_FACE('',(#247),#93,.T.);
#3158=ADVANCED_FACE('',(#248),#94,.T.);
#3159=ADVANCED_FACE('',(#249),#95,.T.);
#3160=ADVANCED_FACE('',(#250),#96,.T.);
#3161=ADVANCED_FACE('',(#251),#97,.T.);
#3162=ADVANCED_FACE('',(#252),#98,.T.);
#3163=ADVANCED_FACE('',(#253),#99,.T.);
#3164=ADVANCED_FACE('',(#254),#100,.T.);
#3165=ADVANCED_FACE('',(#255),#101,.T.);
#3166=ADVANCED_FACE('',(#256),#102,.T.);
#3167=ADVANCED_FACE('',(#257),#103,.T.);
#3168=ADVANCED_FACE('',(#258),#104,.T.);
#3169=ADVANCED_FACE('',(#259),#105,.T.);
#3170=ADVANCED_FACE('',(#260),#106,.T.);
#3171=ADVANCED_FACE('',(#261),#107,.T.);
#3172=ADVANCED_FACE('',(#262),#108,.T.);
#3173=ADVANCED_FACE('',(#263),#109,.T.);
#3174=ADVANCED_FACE('',(#264),#110,.T.);
#3175=ADVANCED_FACE('',(#265),#111,.T.);
#3176=ADVANCED_FACE('',(#266),#112,.T.);
#3177=ADVANCED_FACE('',(#267),#113,.T.);
#3178=ADVANCED_FACE('',(#268),#114,.T.);
#3179=ADVANCED_FACE('',(#269),#115,.T.);
#3180=ADVANCED_FACE('',(#270),#116,.T.);
#3181=ADVANCED_FACE('',(#271),#117,.T.);
#3182=ADVANCED_FACE('',(#272),#118,.T.);
#3183=ADVANCED_FACE('',(#273),#119,.T.);
#3184=ADVANCED_FACE('',(#274),#120,.T.);
#3185=ADVANCED_FACE('',(#275),#121,.T.);
#3186=ADVANCED_FACE('',(#276),#122,.T.);
#3187=ADVANCED_FACE('',(#277),#123,.T.);
#3188=ADVANCED_FACE('',(#278),#124,.T.);
#3189=ADVANCED_FACE('',(#279),#125,.T.);
#3190=ADVANCED_FACE('',(#280),#126,.T.);
#3191=ADVANCED_FACE('',(#281),#127,.T.);
#3192=ADVANCED_FACE('',(#282),#128,.T.);
#3193=ADVANCED_FACE('',(#283),#129,.T.);
#3194=ADVANCED_FACE('',(#284),#130,.T.);
#3195=ADVANCED_FACE('',(#285),#131,.T.);
#3196=ADVANCED_FACE('',(#286),#132,.T.);
#3197=ADVANCED_FACE('',(#287),#133,.T.);
#3198=ADVANCED_FACE('',(#288),#134,.T.);
#3199=ADVANCED_FACE('',(#289),#135,.T.);
#3200=ADVANCED_FACE('',(#290),#136,.T.);
#3201=ADVANCED_FACE('',(#291),#137,.T.);
#3202=ADVANCED_FACE('',(#292),#138,.T.);
#3203=ADVANCED_FACE('',(#293),#139,.T.);
#3204=ADVANCED_FACE('',(#294),#140,.T.);
#3205=ADVANCED_FACE('',(#295),#141,.T.);
#3206=ADVANCED_FACE('',(#296),#142,.T.);
#3207=ADVANCED_FACE('',(#297),#143,.T.);
#3208=ADVANCED_FACE('',(#298),#144,.T.);
#3209=ADVANCED_FACE('',(#299),#145,.T.);
#3210=ADVANCED_FACE('',(#300),#146,.T.);
#3211=ADVANCED_FACE('',(#301),#147,.T.);
#3212=ADVANCED_FACE('',(#302),#148,.T.);
#3213=ADVANCED_FACE('',(#303),#149,.T.);
#3214=ADVANCED_FACE('',(#304),#150,.T.);
#3215=ADVANCED_FACE('',(#305),#151,.T.);
#3216=ADVANCED_FACE('',(#306),#152,.T.);
#3217=ADVANCED_FACE('',(#307),#153,.T.);
#3218=ADVANCED_FACE('',(#308),#154,.T.);
#3219=ADVANCED_FACE('',(#309),#155,.T.);
#3220=ADVANCED_FACE('',(#310),#156,.T.);
#3221=ADVANCED_FACE('',(#311),#157,.T.);
#3222=ADVANCED_FACE('',(#312),#158,.T.);
#3223=ADVANCED_FACE('',(#313),#159,.T.);
#3224=ADVANCED_FACE('',(#314),#160,.T.);
#3225=ADVANCED_FACE('',(#315),#161,.T.);
#3226=ADVANCED_FACE('',(#316),#162,.T.);
#3227=ADVANCED_FACE('',(#317),#163,.T.);
#3228=ADVANCED_FACE('',(#318),#164,.T.);
#3229=ADVANCED_FACE('',(#319),#165,.T.);
#3230=ADVANCED_FACE('',(#320),#166,.T.);
#3231=ADVANCED_FACE('',(#321),#167,.T.);
#3232=ADVANCED_FACE('',(#322),#168,.T.);
#3233=ADVANCED_FACE('',(#323),#169,.T.);
#3234=ADVANCED_FACE('',(#324),#170,.T.);
#3235=ADVANCED_FACE('',(#325),#171,.T.);
#3236=ADVANCED_FACE('',(#326),#172,.T.);
#3237=ADVANCED_FACE('',(#327),#173,.T.);
#3238=ADVANCED_FACE('',(#328),#174,.T.);
#3239=ADVANCED_FACE('',(#329),#175,.T.);
#3240=ADVANCED_FACE('',(#330),#176,.T.);
#3241=ADVANCED_FACE('',(#331),#177,.T.);
#3242=ADVANCED_FACE('',(#332),#178,.T.);
#3243=ADVANCED_FACE('',(#333),#179,.T.);
#3244=ADVANCED_FACE('',(#334),#180,.T.);
#3245=ADVANCED_FACE('',(#335),#181,.T.);
#3246=ADVANCED_FACE('',(#336),#182,.T.);
#3247=ADVANCED_FACE('',(#337),#183,.T.);
#3248=ADVANCED_FACE('',(#338),#184,.T.);
#3249=ADVANCED_FACE('',(#339),#185,.T.);
#3250=ADVANCED_FACE('',(#340,#31,#32,#33,#34,#35,#36,#37,#38,#39,#40,#41,
#42,#43,#44,#45,#46),#186,.T.);
#3251=CLOSED_SHELL('',(#3097,#3098,#3099,#3100,#3101,#3102,#3103,#3104,
#3105,#3106,#3107,#3108,#3109,#3110,#3111,#3112,#3113,#3114,#3115,#3116,
#3117,#3118,#3119,#3120,#3121,#3122,#3123,#3124,#3125,#3126,#3127,#3128,
#3129,#3130,#3131,#3132,#3133,#3134,#3135,#3136,#3137,#3138,#3139,#3140,
#3141,#3142,#3143,#3144,#3145,#3146,#3147,#3148,#3149,#3150,#3151,#3152,
#3153,#3154,#3155,#3156,#3157,#3158,#3159,#3160,#3161,#3162,#3163,#3164,
#3165,#3166,#3167,#3168,#3169,#3170,#3171,#3172,#3173,#3174,#3175,#3176,
#3177,#3178,#3179,#3180,#3181,#3182,#3183,#3184,#3185,#3186,#3187,#3188,
#3189,#3190,#3191,#3192,#3193,#3194,#3195,#3196,#3197,#3198,#3199,#3200,
#3201,#3202,#3203,#3204,#3205,#3206,#3207,#3208,#3209,#3210,#3211,#3212,
#3213,#3214,#3215,#3216,#3217,#3218,#3219,#3220,#3221,#3222,#3223,#3224,
#3225,#3226,#3227,#3228,#3229,#3230,#3231,#3232,#3233,#3234,#3235,#3236,
#3237,#3238,#3239,#3240,#3241,#3242,#3243,#3244,#3245,#3246,#3247,#3248,
#3249,#3250));
#3252=DERIVED_UNIT_ELEMENT(#3254,1.);
#3253=DERIVED_UNIT_ELEMENT(#5161,-3.);
#3254=(
MASS_UNIT()
NAMED_UNIT(*)
SI_UNIT(.KILO.,.GRAM.)
);
#3255=DERIVED_UNIT((#3252,#3253));
#3256=MEASURE_REPRESENTATION_ITEM('density measure',
POSITIVE_RATIO_MEASURE(7850.),#3255);
#3257=PROPERTY_DEFINITION_REPRESENTATION(#3262,#3259);
#3258=PROPERTY_DEFINITION_REPRESENTATION(#3263,#3260);
#3259=REPRESENTATION('material name',(#3261),#5158);
#3260=REPRESENTATION('density',(#3256),#5158);
#3261=DESCRIPTIVE_REPRESENTATION_ITEM('Steel','Steel');
#3262=PROPERTY_DEFINITION('material property','material name',#5168);
#3263=PROPERTY_DEFINITION('material property','density of part',#5168);
#3264=AXIS2_PLACEMENT_3D('',#4241,#3447,#3448);
#3265=AXIS2_PLACEMENT_3D('',#4242,#3449,#3450);
#3266=AXIS2_PLACEMENT_3D('',#4244,#3451,#3452);
#3267=AXIS2_PLACEMENT_3D('',#4247,#3454,#3455);
#3268=AXIS2_PLACEMENT_3D('',#4248,#3456,#3457);
#3269=AXIS2_PLACEMENT_3D('',#4250,#3458,#3459);
#3270=AXIS2_PLACEMENT_3D('',#4253,#3461,#3462);
#3271=AXIS2_PLACEMENT_3D('',#4254,#3463,#3464);
#3272=AXIS2_PLACEMENT_3D('',#4256,#3465,#3466);
#3273=AXIS2_PLACEMENT_3D('',#4259,#3468,#3469);
#3274=AXIS2_PLACEMENT_3D('',#4260,#3470,#3471);
#3275=AXIS2_PLACEMENT_3D('',#4262,#3472,#3473);
#3276=AXIS2_PLACEMENT_3D('',#4265,#3475,#3476);
#3277=AXIS2_PLACEMENT_3D('',#4266,#3477,#3478);
#3278=AXIS2_PLACEMENT_3D('',#4271,#3480,#3481);
#3279=AXIS2_PLACEMENT_3D('',#4274,#3483,#3484);
#3280=AXIS2_PLACEMENT_3D('',#4275,#3485,#3486);
#3281=AXIS2_PLACEMENT_3D('',#4280,#3488,#3489);
#3282=AXIS2_PLACEMENT_3D('',#4283,#3491,#3492);
#3283=AXIS2_PLACEMENT_3D('',#4284,#3493,#3494);
#3284=AXIS2_PLACEMENT_3D('',#4290,#3498,#3499);
#3285=AXIS2_PLACEMENT_3D('',#4296,#3503,#3504);
#3286=AXIS2_PLACEMENT_3D('',#4302,#3508,#3509);
#3287=AXIS2_PLACEMENT_3D('',#4308,#3512,#3513);
#3288=AXIS2_PLACEMENT_3D('',#4312,#3515,#3516);
#3289=AXIS2_PLACEMENT_3D('',#4315,#3518,#3519);
#3290=AXIS2_PLACEMENT_3D('',#4319,#3521,#3522);
#3291=AXIS2_PLACEMENT_3D('',#4323,#3524,#3525);
#3292=AXIS2_PLACEMENT_3D('',#4326,#3527,#3528);
#3293=AXIS2_PLACEMENT_3D('',#4577,#3653,#3654);
#3294=AXIS2_PLACEMENT_3D('',#4585,#3658,#3659);
#3295=AXIS2_PLACEMENT_3D('',#4587,#3661,#3662);
#3296=AXIS2_PLACEMENT_3D('',#4593,#3666,#3667);
#3297=AXIS2_PLACEMENT_3D('',#4595,#3668,#3669);
#3298=AXIS2_PLACEMENT_3D('',#4597,#3671,#3672);
#3299=AXIS2_PLACEMENT_3D('',#4601,#3675,#3676);
#3300=AXIS2_PLACEMENT_3D('',#4603,#3677,#3678);
#3301=AXIS2_PLACEMENT_3D('',#4605,#3680,#3681);
#3302=AXIS2_PLACEMENT_3D('',#4609,#3684,#3685);
#3303=AXIS2_PLACEMENT_3D('',#4611,#3687,#3688);
#3304=AXIS2_PLACEMENT_3D('',#4615,#3691,#3692);
#3305=AXIS2_PLACEMENT_3D('',#4621,#3696,#3697);
#3306=AXIS2_PLACEMENT_3D('',#4624,#3699,#3700);
#3307=AXIS2_PLACEMENT_3D('',#4625,#3701,#3702);
#3308=AXIS2_PLACEMENT_3D('',#4629,#3705,#3706);
#3309=AXIS2_PLACEMENT_3D('',#4630,#3707,#3708);
#3310=AXIS2_PLACEMENT_3D('',#4631,#3709,#3710);
#3311=AXIS2_PLACEMENT_3D('',#4634,#3712,#3713);
#3312=AXIS2_PLACEMENT_3D('',#4635,#3714,#3715);
#3313=AXIS2_PLACEMENT_3D('',#4639,#3718,#3719);
#3314=AXIS2_PLACEMENT_3D('',#4640,#3720,#3721);
#3315=AXIS2_PLACEMENT_3D('',#4641,#3722,#3723);
#3316=AXIS2_PLACEMENT_3D('',#4647,#3727,#3728);
#3317=AXIS2_PLACEMENT_3D('',#4649,#3729,#3730);
#3318=AXIS2_PLACEMENT_3D('',#4651,#3732,#3733);
#3319=AXIS2_PLACEMENT_3D('',#4653,#3735,#3736);
#3320=AXIS2_PLACEMENT_3D('',#4657,#3739,#3740);
#3321=AXIS2_PLACEMENT_3D('',#4658,#3741,#3742);
#3322=AXIS2_PLACEMENT_3D('',#4659,#3743,#3744);
#3323=AXIS2_PLACEMENT_3D('',#4665,#3748,#3749);
#3324=AXIS2_PLACEMENT_3D('',#4669,#3752,#3753);
#3325=AXIS2_PLACEMENT_3D('',#4673,#3756,#3757);
#3326=AXIS2_PLACEMENT_3D('',#4675,#3759,#3760);
#3327=AXIS2_PLACEMENT_3D('',#4681,#3764,#3765);
#3328=AXIS2_PLACEMENT_3D('',#4685,#3768,#3769);
#3329=AXIS2_PLACEMENT_3D('',#4689,#3772,#3773);
#3330=AXIS2_PLACEMENT_3D('',#4693,#3776,#3777);
#3331=AXIS2_PLACEMENT_3D('',#4697,#3780,#3781);
#3332=AXIS2_PLACEMENT_3D('',#4701,#3784,#3785);
#3333=AXIS2_PLACEMENT_3D('',#4705,#3788,#3789);
#3334=AXIS2_PLACEMENT_3D('',#4709,#3792,#3793);
#3335=AXIS2_PLACEMENT_3D('',#4713,#3796,#3797);
#3336=AXIS2_PLACEMENT_3D('',#4717,#3800,#3801);
#3337=AXIS2_PLACEMENT_3D('',#4721,#3804,#3805);
#3338=AXIS2_PLACEMENT_3D('',#4723,#3807,#3808);
#3339=AXIS2_PLACEMENT_3D('',#4729,#3812,#3813);
#3340=AXIS2_PLACEMENT_3D('',#4733,#3816,#3817);
#3341=AXIS2_PLACEMENT_3D('',#4737,#3820,#3821);
#3342=AXIS2_PLACEMENT_3D('',#4741,#3824,#3825);
#3343=AXIS2_PLACEMENT_3D('',#4745,#3828,#3829);
#3344=AXIS2_PLACEMENT_3D('',#4749,#3832,#3833);
#3345=AXIS2_PLACEMENT_3D('',#4753,#3836,#3837);
#3346=AXIS2_PLACEMENT_3D('',#4757,#3840,#3841);
#3347=AXIS2_PLACEMENT_3D('',#4761,#3844,#3845);
#3348=AXIS2_PLACEMENT_3D('',#4765,#3848,#3849);
#3349=AXIS2_PLACEMENT_3D('',#4769,#3852,#3853);
#3350=AXIS2_PLACEMENT_3D('',#4771,#3855,#3856);
#3351=AXIS2_PLACEMENT_3D('',#4777,#3860,#3861);
#3352=AXIS2_PLACEMENT_3D('',#4781,#3864,#3865);
#3353=AXIS2_PLACEMENT_3D('',#4785,#3868,#3869);
#3354=AXIS2_PLACEMENT_3D('',#4789,#3872,#3873);
#3355=AXIS2_PLACEMENT_3D('',#4793,#3876,#3877);
#3356=AXIS2_PLACEMENT_3D('',#4797,#3880,#3881);
#3357=AXIS2_PLACEMENT_3D('',#4801,#3884,#3885);
#3358=AXIS2_PLACEMENT_3D('',#4805,#3888,#3889);
#3359=AXIS2_PLACEMENT_3D('',#4809,#3892,#3893);
#3360=AXIS2_PLACEMENT_3D('',#4813,#3896,#3897);
#3361=AXIS2_PLACEMENT_3D('',#4817,#3900,#3901);
#3362=AXIS2_PLACEMENT_3D('',#4819,#3903,#3904);
#3363=AXIS2_PLACEMENT_3D('',#4825,#3908,#3909);
#3364=AXIS2_PLACEMENT_3D('',#4829,#3912,#3913);
#3365=AXIS2_PLACEMENT_3D('',#4833,#3916,#3917);
#3366=AXIS2_PLACEMENT_3D('',#4837,#3920,#3921);
#3367=AXIS2_PLACEMENT_3D('',#4841,#3924,#3925);
#3368=AXIS2_PLACEMENT_3D('',#4845,#3928,#3929);
#3369=AXIS2_PLACEMENT_3D('',#4849,#3932,#3933);
#3370=AXIS2_PLACEMENT_3D('',#4853,#3936,#3937);
#3371=AXIS2_PLACEMENT_3D('',#4857,#3940,#3941);
#3372=AXIS2_PLACEMENT_3D('',#4861,#3944,#3945);
#3373=AXIS2_PLACEMENT_3D('',#4865,#3948,#3949);
#3374=AXIS2_PLACEMENT_3D('',#4867,#3951,#3952);
#3375=AXIS2_PLACEMENT_3D('',#4873,#3956,#3957);
#3376=AXIS2_PLACEMENT_3D('',#4877,#3960,#3961);
#3377=AXIS2_PLACEMENT_3D('',#4881,#3964,#3965);
#3378=AXIS2_PLACEMENT_3D('',#4885,#3968,#3969);
#3379=AXIS2_PLACEMENT_3D('',#4889,#3972,#3973);
#3380=AXIS2_PLACEMENT_3D('',#4893,#3976,#3977);
#3381=AXIS2_PLACEMENT_3D('',#4897,#3980,#3981);
#3382=AXIS2_PLACEMENT_3D('',#4901,#3984,#3985);
#3383=AXIS2_PLACEMENT_3D('',#4905,#3988,#3989);
#3384=AXIS2_PLACEMENT_3D('',#4909,#3992,#3993);
#3385=AXIS2_PLACEMENT_3D('',#4913,#3996,#3997);
#3386=AXIS2_PLACEMENT_3D('',#4915,#3999,#4000);
#3387=AXIS2_PLACEMENT_3D('',#4921,#4004,#4005);
#3388=AXIS2_PLACEMENT_3D('',#4925,#4008,#4009);
#3389=AXIS2_PLACEMENT_3D('',#4929,#4012,#4013);
#3390=AXIS2_PLACEMENT_3D('',#4933,#4016,#4017);
#3391=AXIS2_PLACEMENT_3D('',#4937,#4020,#4021);
#3392=AXIS2_PLACEMENT_3D('',#4941,#4024,#4025);
#3393=AXIS2_PLACEMENT_3D('',#4945,#4028,#4029);
#3394=AXIS2_PLACEMENT_3D('',#4949,#4032,#4033);
#3395=AXIS2_PLACEMENT_3D('',#4953,#4036,#4037);
#3396=AXIS2_PLACEMENT_3D('',#4957,#4040,#4041);
#3397=AXIS2_PLACEMENT_3D('',#4961,#4044,#4045);
#3398=AXIS2_PLACEMENT_3D('',#4963,#4047,#4048);
#3399=AXIS2_PLACEMENT_3D('',#4969,#4052,#4053);
#3400=AXIS2_PLACEMENT_3D('',#4973,#4056,#4057);
#3401=AXIS2_PLACEMENT_3D('',#4977,#4060,#4061);
#3402=AXIS2_PLACEMENT_3D('',#4981,#4064,#4065);
#3403=AXIS2_PLACEMENT_3D('',#4985,#4068,#4069);
#3404=AXIS2_PLACEMENT_3D('',#4989,#4072,#4073);
#3405=AXIS2_PLACEMENT_3D('',#4993,#4076,#4077);
#3406=AXIS2_PLACEMENT_3D('',#4997,#4080,#4081);
#3407=AXIS2_PLACEMENT_3D('',#5001,#4084,#4085);
#3408=AXIS2_PLACEMENT_3D('',#5005,#4088,#4089);
#3409=AXIS2_PLACEMENT_3D('',#5009,#4092,#4093);
#3410=AXIS2_PLACEMENT_3D('',#5011,#4095,#4096);
#3411=AXIS2_PLACEMENT_3D('',#5017,#4100,#4101);
#3412=AXIS2_PLACEMENT_3D('',#5021,#4104,#4105);
#3413=AXIS2_PLACEMENT_3D('',#5025,#4108,#4109);
#3414=AXIS2_PLACEMENT_3D('',#5029,#4112,#4113);
#3415=AXIS2_PLACEMENT_3D('',#5033,#4116,#4117);
#3416=AXIS2_PLACEMENT_3D('',#5037,#4120,#4121);
#3417=AXIS2_PLACEMENT_3D('',#5041,#4124,#4125);
#3418=AXIS2_PLACEMENT_3D('',#5045,#4128,#4129);
#3419=AXIS2_PLACEMENT_3D('',#5049,#4132,#4133);
#3420=AXIS2_PLACEMENT_3D('',#5053,#4136,#4137);
#3421=AXIS2_PLACEMENT_3D('',#5057,#4140,#4141);
#3422=AXIS2_PLACEMENT_3D('',#5059,#4143,#4144);
#3423=AXIS2_PLACEMENT_3D('',#5065,#4148,#4149);
#3424=AXIS2_PLACEMENT_3D('',#5069,#4152,#4153);
#3425=AXIS2_PLACEMENT_3D('',#5073,#4156,#4157);
#3426=AXIS2_PLACEMENT_3D('',#5077,#4160,#4161);
#3427=AXIS2_PLACEMENT_3D('',#5081,#4164,#4165);
#3428=AXIS2_PLACEMENT_3D('',#5085,#4168,#4169);
#3429=AXIS2_PLACEMENT_3D('',#5089,#4172,#4173);
#3430=AXIS2_PLACEMENT_3D('',#5093,#4176,#4177);
#3431=AXIS2_PLACEMENT_3D('',#5097,#4180,#4181);
#3432=AXIS2_PLACEMENT_3D('',#5101,#4184,#4185);
#3433=AXIS2_PLACEMENT_3D('',#5105,#4188,#4189);
#3434=AXIS2_PLACEMENT_3D('',#5107,#4191,#4192);
#3435=AXIS2_PLACEMENT_3D('',#5113,#4196,#4197);
#3436=AXIS2_PLACEMENT_3D('',#5117,#4200,#4201);
#3437=AXIS2_PLACEMENT_3D('',#5121,#4204,#4205);
#3438=AXIS2_PLACEMENT_3D('',#5125,#4208,#4209);
#3439=AXIS2_PLACEMENT_3D('',#5129,#4212,#4213);
#3440=AXIS2_PLACEMENT_3D('',#5133,#4216,#4217);
#3441=AXIS2_PLACEMENT_3D('',#5137,#4220,#4221);
#3442=AXIS2_PLACEMENT_3D('',#5141,#4224,#4225);
#3443=AXIS2_PLACEMENT_3D('',#5145,#4228,#4229);
#3444=AXIS2_PLACEMENT_3D('',#5149,#4232,#4233);
#3445=AXIS2_PLACEMENT_3D('',#5153,#4236,#4237);
#3446=AXIS2_PLACEMENT_3D('',#5155,#4239,#4240);
#3447=DIRECTION('axis',(0.,0.,1.));
#3448=DIRECTION('refdir',(1.,0.,0.));
#3449=DIRECTION('center_axis',(0.,0.,-1.));
#3450=DIRECTION('ref_axis',(-1.,0.,0.));
#3451=DIRECTION('center_axis',(0.,0.,-1.));
#3452=DIRECTION('ref_axis',(-1.,0.,0.));
#3453=DIRECTION('',(0.,0.,-1.));
#3454=DIRECTION('center_axis',(0.,0.,1.));
#3455=DIRECTION('ref_axis',(-1.,0.,0.));
#3456=DIRECTION('center_axis',(0.,0.,-1.));
#3457=DIRECTION('ref_axis',(-1.,0.,0.));
#3458=DIRECTION('center_axis',(0.,0.,-1.));
#3459=DIRECTION('ref_axis',(-1.,0.,0.));
#3460=DIRECTION('',(0.,0.,-1.));
#3461=DIRECTION('center_axis',(0.,0.,1.));
#3462=DIRECTION('ref_axis',(-1.,0.,0.));
#3463=DIRECTION('center_axis',(0.,0.,-1.));
#3464=DIRECTION('ref_axis',(-1.,0.,0.));
#3465=DIRECTION('center_axis',(0.,0.,-1.));
#3466=DIRECTION('ref_axis',(-1.,0.,0.));
#3467=DIRECTION('',(0.,0.,-1.));
#3468=DIRECTION('center_axis',(0.,0.,1.));
#3469=DIRECTION('ref_axis',(-1.,0.,0.));
#3470=DIRECTION('center_axis',(0.,0.,-1.));
#3471=DIRECTION('ref_axis',(-1.,0.,0.));
#3472=DIRECTION('center_axis',(0.,0.,-1.));
#3473=DIRECTION('ref_axis',(-1.,0.,0.));
#3474=DIRECTION('',(0.,0.,-1.));
#3475=DIRECTION('center_axis',(0.,0.,1.));
#3476=DIRECTION('ref_axis',(-1.,0.,0.));
#3477=DIRECTION('center_axis',(0.,-1.,0.));
#3478=DIRECTION('ref_axis',(0.,0.,1.));
#3479=DIRECTION('',(0.,-1.,0.));
#3480=DIRECTION('center_axis',(7.65671051465625E-17,-1.,0.));
#3481=DIRECTION('ref_axis',(0.,0.,1.));
#3482=DIRECTION('',(0.,1.,0.));
#3483=DIRECTION('center_axis',(0.,1.,0.));
#3484=DIRECTION('ref_axis',(0.,0.,1.));
#3485=DIRECTION('center_axis',(0.,-1.,0.));
#3486=DIRECTION('ref_axis',(-1.,0.,0.));
#3487=DIRECTION('',(0.,1.,0.));
#3488=DIRECTION('center_axis',(0.,1.,0.));
#3489=DIRECTION('ref_axis',(-1.,0.,0.));
#3490=DIRECTION('',(0.,-1.,0.));
#3491=DIRECTION('center_axis',(7.65671051465625E-17,-1.,0.));
#3492=DIRECTION('ref_axis',(-1.,0.,0.));
#3493=DIRECTION('center_axis',(-7.65671051465625E-17,1.,0.));
#3494=DIRECTION('ref_axis',(1.,7.65671051465625E-17,0.));
#3495=DIRECTION('',(1.,7.65671051465625E-17,0.));
#3496=DIRECTION('',(0.,0.,-1.));
#3497=DIRECTION('',(-1.,-7.65671051465625E-17,0.));
#3498=DIRECTION('center_axis',(-7.65671051465625E-17,1.,0.));
#3499=DIRECTION('ref_axis',(1.,7.65671051465625E-17,0.));
#3500=DIRECTION('',(-1.,-7.65671051465625E-17,0.));
#3501=DIRECTION('',(0.,0.,-1.));
#3502=DIRECTION('',(1.,7.65671051465625E-17,0.));
#3503=DIRECTION('center_axis',(0.,-1.,0.));
#3504=DIRECTION('ref_axis',(-1.,0.,0.));
#3505=DIRECTION('',(1.,0.,0.));
#3506=DIRECTION('',(0.,0.,-1.));
#3507=DIRECTION('',(1.,0.,0.));
#3508=DIRECTION('center_axis',(0.,0.,1.));
#3509=DIRECTION('ref_axis',(1.,0.,0.));
#3510=DIRECTION('',(1.,0.,0.));
#3511=DIRECTION('',(3.8056425366098E-15,-1.,0.));
#3512=DIRECTION('center_axis',(0.,0.,1.));
#3513=DIRECTION('ref_axis',(-1.,2.36217664813863E-15,0.));
#3514=DIRECTION('',(1.,0.,0.));
#3515=DIRECTION('center_axis',(0.,0.,1.));
#3516=DIRECTION('ref_axis',(0.,-1.,0.));
#3517=DIRECTION('',(0.,1.,0.));
#3518=DIRECTION('center_axis',(0.,0.,1.));
#3519=DIRECTION('ref_axis',(1.,2.33146835171282E-15,0.));
#3520=DIRECTION('',(0.,1.,0.));
#3521=DIRECTION('center_axis',(0.,0.,1.));
#3522=DIRECTION('ref_axis',(3.55271367880049E-15,-1.,0.));
#3523=DIRECTION('',(1.,0.,0.));
#3524=DIRECTION('center_axis',(0.,0.,1.));
#3525=DIRECTION('ref_axis',(-1.,-3.55271367880049E-15,0.));
#3526=DIRECTION('',(0.,-1.,0.));
#3527=DIRECTION('center_axis',(0.,0.,1.));
#3528=DIRECTION('ref_axis',(3.33066907387547E-16,1.,0.));
#3529=DIRECTION('',(1.,0.,0.));
#3530=DIRECTION('',(0.,1.,0.));
#3531=DIRECTION('',(1.,0.,0.));
#3532=DIRECTION('',(0.,1.,0.));
#3533=DIRECTION('',(-1.,1.10925242875E-14,0.));
#3534=DIRECTION('',(0.,1.,0.));
#3535=DIRECTION('',(-1.,0.,0.));
#3536=DIRECTION('',(0.,-1.,0.));
#3537=DIRECTION('',(-1.,0.,0.));
#3538=DIRECTION('',(0.,-1.,0.));
#3539=DIRECTION('',(1.,0.,0.));
#3540=DIRECTION('',(0.,-1.,0.));
#3541=DIRECTION('',(1.,0.,0.));
#3542=DIRECTION('',(0.,1.,0.));
#3543=DIRECTION('',(1.,0.,0.));
#3544=DIRECTION('',(0.,1.,0.));
#3545=DIRECTION('',(-1.,0.,0.));
#3546=DIRECTION('',(0.,1.,0.));
#3547=DIRECTION('',(-1.,0.,0.));
#3548=DIRECTION('',(0.,-1.,0.));
#3549=DIRECTION('',(-1.,0.,0.));
#3550=DIRECTION('',(0.,-1.,0.));
#3551=DIRECTION('',(1.,0.,0.));
#3552=DIRECTION('',(0.,-1.,0.));
#3553=DIRECTION('',(1.,0.,0.));
#3554=DIRECTION('',(0.,1.,0.));
#3555=DIRECTION('',(1.,0.,0.));
#3556=DIRECTION('',(0.,1.,0.));
#3557=DIRECTION('',(-1.,0.,0.));
#3558=DIRECTION('',(0.,1.,0.));
#3559=DIRECTION('',(-1.,0.,0.));
#3560=DIRECTION('',(0.,-1.,0.));
#3561=DIRECTION('',(-1.,2.21822782142889E-14,0.));
#3562=DIRECTION('',(0.,-1.,0.));
#3563=DIRECTION('',(1.,0.,0.));
#3564=DIRECTION('',(0.,-1.,0.));
#3565=DIRECTION('',(1.,0.,0.));
#3566=DIRECTION('',(0.,1.,0.));
#3567=DIRECTION('',(1.,0.,0.));
#3568=DIRECTION('',(0.,1.,0.));
#3569=DIRECTION('',(-1.,0.,0.));
#3570=DIRECTION('',(0.,1.,0.));
#3571=DIRECTION('',(-1.,0.,0.));
#3572=DIRECTION('',(0.,-1.,0.));
#3573=DIRECTION('',(-1.,2.21822782142887E-14,0.));
#3574=DIRECTION('',(0.,-1.,0.));
#3575=DIRECTION('',(1.,0.,0.));
#3576=DIRECTION('',(0.,-1.,0.));
#3577=DIRECTION('',(1.,0.,0.));
#3578=DIRECTION('',(0.,1.,0.));
#3579=DIRECTION('',(1.,0.,0.));
#3580=DIRECTION('',(0.,1.,0.));
#3581=DIRECTION('',(-1.,0.,0.));
#3582=DIRECTION('',(0.,1.,0.));
#3583=DIRECTION('',(-1.,0.,0.));
#3584=DIRECTION('',(0.,-1.,0.));
#3585=DIRECTION('',(-1.,0.,0.));
#3586=DIRECTION('',(0.,-1.,0.));
#3587=DIRECTION('',(1.,0.,0.));
#3588=DIRECTION('',(0.,-1.,0.));
#3589=DIRECTION('',(1.,0.,0.));
#3590=DIRECTION('',(0.,1.,0.));
#3591=DIRECTION('',(1.,0.,0.));
#3592=DIRECTION('',(0.,1.,0.));
#3593=DIRECTION('',(-1.,0.,0.));
#3594=DIRECTION('',(0.,1.,0.));
#3595=DIRECTION('',(-1.,0.,0.));
#3596=DIRECTION('',(0.,-1.,0.));
#3597=DIRECTION('',(-1.,0.,0.));
#3598=DIRECTION('',(0.,-1.,0.));
#3599=DIRECTION('',(1.,0.,0.));
#3600=DIRECTION('',(0.,-1.,0.));
#3601=DIRECTION('',(1.,0.,0.));
#3602=DIRECTION('',(0.,1.,0.));
#3603=DIRECTION('',(1.,0.,0.));
#3604=DIRECTION('',(0.,1.,0.));
#3605=DIRECTION('',(-1.,1.10933555618021E-14,0.));
#3606=DIRECTION('',(0.,1.,0.));
#3607=DIRECTION('',(-1.,0.,0.));
#3608=DIRECTION('',(0.,-1.,0.));
#3609=DIRECTION('',(-1.,0.,0.));
#3610=DIRECTION('',(0.,-1.,0.));
#3611=DIRECTION('',(1.,0.,0.));
#3612=DIRECTION('',(0.,-1.,0.));
#3613=DIRECTION('',(1.,0.,0.));
#3614=DIRECTION('',(0.,1.,0.));
#3615=DIRECTION('',(1.,0.,0.));
#3616=DIRECTION('',(0.,1.,0.));
#3617=DIRECTION('',(-1.,1.10911391071443E-14,0.));
#3618=DIRECTION('',(0.,1.,0.));
#3619=DIRECTION('',(-1.,0.,0.));
#3620=DIRECTION('',(0.,-1.,0.));
#3621=DIRECTION('',(-1.,0.,0.));
#3622=DIRECTION('',(0.,-1.,0.));
#3623=DIRECTION('',(1.,0.,0.));
#3624=DIRECTION('',(0.,-1.,0.));
#3625=DIRECTION('',(1.,0.,0.));
#3626=DIRECTION('',(0.,1.,0.));
#3627=DIRECTION('',(1.,0.,0.));
#3628=DIRECTION('',(0.,1.,0.));
#3629=DIRECTION('',(-1.,0.,0.));
#3630=DIRECTION('',(0.,1.,0.));
#3631=DIRECTION('',(-1.,0.,0.));
#3632=DIRECTION('',(0.,-1.,0.));
#3633=DIRECTION('',(-1.,0.,0.));
#3634=DIRECTION('',(0.,-1.,0.));
#3635=DIRECTION('',(1.,0.,0.));
#3636=DIRECTION('',(0.,-1.,0.));
#3637=DIRECTION('',(1.,0.,0.));
#3638=DIRECTION('',(0.,1.,0.));
#3639=DIRECTION('',(1.,0.,0.));
#3640=DIRECTION('',(0.,1.,0.));
#3641=DIRECTION('',(-1.,1.10911391071444E-14,0.));
#3642=DIRECTION('',(0.,1.,0.));
#3643=DIRECTION('',(-1.,0.,0.));
#3644=DIRECTION('',(0.,-1.,0.));
#3645=DIRECTION('',(-1.,0.,0.));
#3646=DIRECTION('',(0.,-1.,0.));
#3647=DIRECTION('',(1.,0.,0.));
#3648=DIRECTION('',(0.,-1.,0.));
#3649=DIRECTION('',(1.,0.,0.));
#3650=DIRECTION('',(0.,1.,0.));
#3651=DIRECTION('',(-1.,0.,0.));
#3652=DIRECTION('',(0.,-1.,0.));
#3653=DIRECTION('center_axis',(0.,0.,-1.));
#3654=DIRECTION('ref_axis',(0.799999999999998,0.600000000000003,0.));
#3655=DIRECTION('',(1.,0.,0.));
#3656=DIRECTION('',(0.,1.,0.));
#3657=DIRECTION('',(-1.,0.,0.));
#3658=DIRECTION('center_axis',(0.,0.,-1.));
#3659=DIRECTION('ref_axis',(0.,-1.,0.));
#3660=DIRECTION('',(0.,-1.,0.));
#3661=DIRECTION('center_axis',(0.,-1.,0.));
#3662=DIRECTION('ref_axis',(-1.,0.,0.));
#3663=DIRECTION('',(0.,0.,1.));
#3664=DIRECTION('',(-1.,0.,0.));
#3665=DIRECTION('',(0.,0.,-1.));
#3666=DIRECTION('center_axis',(0.,0.,-1.));
#3667=DIRECTION('ref_axis',(0.,-1.,0.));
#3668=DIRECTION('center_axis',(0.,0.,-1.));
#3669=DIRECTION('ref_axis',(0.,-1.,0.));
#3670=DIRECTION('',(0.,0.,1.));
#3671=DIRECTION('center_axis',(1.,0.,0.));
#3672=DIRECTION('ref_axis',(0.,-1.,0.));
#3673=DIRECTION('',(0.,-1.,0.));
#3674=DIRECTION('',(0.,0.,-1.));
#3675=DIRECTION('center_axis',(0.,0.,-1.));
#3676=DIRECTION('ref_axis',(0.799999999999998,0.600000000000003,0.));
#3677=DIRECTION('center_axis',(0.,0.,-1.));
#3678=DIRECTION('ref_axis',(0.799999999999998,0.600000000000003,0.));
#3679=DIRECTION('',(0.,0.,-1.));
#3680=DIRECTION('center_axis',(0.,1.,0.));
#3681=DIRECTION('ref_axis',(1.,0.,0.));
#3682=DIRECTION('',(1.,0.,0.));
#3683=DIRECTION('',(0.,0.,-1.));
#3684=DIRECTION('center_axis',(-1.,0.,0.));
#3685=DIRECTION('ref_axis',(0.,1.,0.));
#3686=DIRECTION('',(0.,1.,0.));
#3687=DIRECTION('center_axis',(0.,-1.,0.));
#3688=DIRECTION('ref_axis',(-1.,0.,0.));
#3689=DIRECTION('',(1.,0.,0.));
#3690=DIRECTION('',(0.,0.,1.));
#3691=DIRECTION('center_axis',(0.,-1.,0.));
#3692=DIRECTION('ref_axis',(-1.,0.,0.));
#3693=DIRECTION('',(0.,0.,-1.));
#3694=DIRECTION('',(-1.,0.,0.));
#3695=DIRECTION('',(0.,0.,-1.));
#3696=DIRECTION('center_axis',(0.,0.,-1.));
#3697=DIRECTION('ref_axis',(3.55271367880049E-15,-1.,0.));
#3698=DIRECTION('',(0.,0.,-1.));
#3699=DIRECTION('center_axis',(0.,0.,1.));
#3700=DIRECTION('ref_axis',(3.55271367880049E-15,-1.,0.));
#3701=DIRECTION('center_axis',(1.,0.,0.));
#3702=DIRECTION('ref_axis',(0.,-1.,0.));
#3703=DIRECTION('',(0.,0.,-1.));
#3704=DIRECTION('',(0.,-1.,0.));
#3705=DIRECTION('center_axis',(0.,0.,-1.));
#3706=DIRECTION('ref_axis',(1.,2.33146835171282E-15,0.));
#3707=DIRECTION('center_axis',(0.,0.,1.));
#3708=DIRECTION('ref_axis',(1.,2.33146835171282E-15,0.));
#3709=DIRECTION('center_axis',(0.,0.,-1.));
#3710=DIRECTION('ref_axis',(3.33066907387547E-16,1.,0.));
#3711=DIRECTION('',(0.,0.,-1.));
#3712=DIRECTION('center_axis',(0.,0.,1.));
#3713=DIRECTION('ref_axis',(3.33066907387547E-16,1.,0.));
#3714=DIRECTION('center_axis',(-1.,0.,0.));
#3715=DIRECTION('ref_axis',(0.,1.,0.));
#3716=DIRECTION('',(0.,0.,-1.));
#3717=DIRECTION('',(0.,1.,0.));
#3718=DIRECTION('center_axis',(0.,0.,-1.));
#3719=DIRECTION('ref_axis',(-1.,-3.55271367880049E-15,0.));
#3720=DIRECTION('center_axis',(0.,0.,1.));
#3721=DIRECTION('ref_axis',(-1.,-3.55271367880049E-15,0.));
#3722=DIRECTION('center_axis',(0.,-1.,0.));
#3723=DIRECTION('ref_axis',(-1.,0.,0.));
#3724=DIRECTION('',(0.,0.,-1.));
#3725=DIRECTION('',(-1.,0.,0.));
#3726=DIRECTION('',(0.,0.,-1.));
#3727=DIRECTION('center_axis',(0.,0.,-1.));
#3728=DIRECTION('ref_axis',(0.,-1.,0.));
#3729=DIRECTION('center_axis',(0.,0.,-1.));
#3730=DIRECTION('ref_axis',(0.,-1.,0.));
#3731=DIRECTION('',(0.,0.,-1.));
#3732=DIRECTION('center_axis',(1.,0.,0.));
#3733=DIRECTION('ref_axis',(0.,-1.,0.));
#3734=DIRECTION('',(0.,-1.,0.));
#3735=DIRECTION('center_axis',(-1.,-3.8056425366098E-15,0.));
#3736=DIRECTION('ref_axis',(-3.8056425366098E-15,1.,0.));
#3737=DIRECTION('',(-3.8056425366098E-15,1.,0.));
#3738=DIRECTION('',(0.,0.,-1.));
#3739=DIRECTION('center_axis',(0.,0.,-1.));
#3740=DIRECTION('ref_axis',(-1.,2.36217664813863E-15,0.));
#3741=DIRECTION('center_axis',(0.,0.,-1.));
#3742=DIRECTION('ref_axis',(-1.,2.36217664813863E-15,0.));
#3743=DIRECTION('center_axis',(0.,-1.,0.));
#3744=DIRECTION('ref_axis',(-1.,0.,0.));
#3745=DIRECTION('',(0.,0.,-1.));
#3746=DIRECTION('',(-1.,0.,0.));
#3747=DIRECTION('',(0.,0.,-1.));
#3748=DIRECTION('center_axis',(1.,0.,0.));
#3749=DIRECTION('ref_axis',(0.,-1.,0.));
#3750=DIRECTION('',(0.,-1.,0.));
#3751=DIRECTION('',(0.,0.,-1.));
#3752=DIRECTION('center_axis',(0.,1.,0.));
#3753=DIRECTION('ref_axis',(1.,0.,0.));
#3754=DIRECTION('',(1.,0.,0.));
#3755=DIRECTION('',(0.,0.,-1.));
#3756=DIRECTION('center_axis',(-1.,0.,0.));
#3757=DIRECTION('ref_axis',(0.,1.,0.));
#3758=DIRECTION('',(0.,1.,0.));
#3759=DIRECTION('center_axis',(1.,0.,0.));
#3760=DIRECTION('ref_axis',(0.,1.,0.));
#3761=DIRECTION('',(0.,0.,1.));
#3762=DIRECTION('',(0.,1.,0.));
#3763=DIRECTION('',(0.,0.,1.));
#3764=DIRECTION('center_axis',(0.,-1.,0.));
#3765=DIRECTION('ref_axis',(1.,0.,0.));
#3766=DIRECTION('',(1.,0.,0.));
#3767=DIRECTION('',(0.,0.,1.));
#3768=DIRECTION('center_axis',(1.,0.,0.));
#3769=DIRECTION('ref_axis',(0.,1.,0.));
#3770=DIRECTION('',(0.,1.,0.));
#3771=DIRECTION('',(0.,0.,1.));
#3772=DIRECTION('center_axis',(1.10911391071444E-14,1.,0.));
#3773=DIRECTION('ref_axis',(-1.,1.10911391071444E-14,0.));
#3774=DIRECTION('',(-1.,1.10911391071444E-14,0.));
#3775=DIRECTION('',(0.,0.,1.));
#3776=DIRECTION('center_axis',(1.,0.,0.));
#3777=DIRECTION('ref_axis',(0.,1.,0.));
#3778=DIRECTION('',(0.,1.,0.));
#3779=DIRECTION('',(0.,0.,1.));
#3780=DIRECTION('center_axis',(0.,1.,0.));
#3781=DIRECTION('ref_axis',(-1.,0.,0.));
#3782=DIRECTION('',(-1.,0.,0.));
#3783=DIRECTION('',(0.,0.,1.));
#3784=DIRECTION('center_axis',(-1.,0.,0.));
#3785=DIRECTION('ref_axis',(0.,-1.,0.));
#3786=DIRECTION('',(0.,-1.,0.));
#3787=DIRECTION('',(0.,0.,1.));
#3788=DIRECTION('center_axis',(0.,1.,0.));
#3789=DIRECTION('ref_axis',(-1.,0.,0.));
#3790=DIRECTION('',(-1.,0.,0.));
#3791=DIRECTION('',(0.,0.,1.));
#3792=DIRECTION('center_axis',(-1.,0.,0.));
#3793=DIRECTION('ref_axis',(0.,-1.,0.));
#3794=DIRECTION('',(0.,-1.,0.));
#3795=DIRECTION('',(0.,0.,1.));
#3796=DIRECTION('center_axis',(0.,-1.,0.));
#3797=DIRECTION('ref_axis',(1.,0.,0.));
#3798=DIRECTION('',(1.,0.,0.));
#3799=DIRECTION('',(0.,0.,1.));
#3800=DIRECTION('center_axis',(-1.,0.,0.));
#3801=DIRECTION('ref_axis',(0.,-1.,0.));
#3802=DIRECTION('',(0.,-1.,0.));
#3803=DIRECTION('',(0.,0.,1.));
#3804=DIRECTION('center_axis',(0.,-1.,0.));
#3805=DIRECTION('ref_axis',(1.,0.,0.));
#3806=DIRECTION('',(1.,0.,0.));
#3807=DIRECTION('center_axis',(1.,0.,0.));
#3808=DIRECTION('ref_axis',(0.,1.,0.));
#3809=DIRECTION('',(0.,0.,1.));
#3810=DIRECTION('',(0.,1.,0.));
#3811=DIRECTION('',(0.,0.,1.));
#3812=DIRECTION('center_axis',(0.,-1.,0.));
#3813=DIRECTION('ref_axis',(1.,0.,0.));
#3814=DIRECTION('',(1.,0.,0.));
#3815=DIRECTION('',(0.,0.,1.));
#3816=DIRECTION('center_axis',(1.,0.,0.));
#3817=DIRECTION('ref_axis',(0.,1.,0.));
#3818=DIRECTION('',(0.,1.,0.));
#3819=DIRECTION('',(0.,0.,1.));
#3820=DIRECTION('center_axis',(0.,1.,0.));
#3821=DIRECTION('ref_axis',(-1.,0.,0.));
#3822=DIRECTION('',(-1.,0.,0.));
#3823=DIRECTION('',(0.,0.,1.));
#3824=DIRECTION('center_axis',(1.,0.,0.));
#3825=DIRECTION('ref_axis',(0.,1.,0.));
#3826=DIRECTION('',(0.,1.,0.));
#3827=DIRECTION('',(0.,0.,1.));
#3828=DIRECTION('center_axis',(0.,1.,0.));
#3829=DIRECTION('ref_axis',(-1.,0.,0.));
#3830=DIRECTION('',(-1.,0.,0.));
#3831=DIRECTION('',(0.,0.,1.));
#3832=DIRECTION('center_axis',(-1.,0.,0.));
#3833=DIRECTION('ref_axis',(0.,-1.,0.));
#3834=DIRECTION('',(0.,-1.,0.));
#3835=DIRECTION('',(0.,0.,1.));
#3836=DIRECTION('center_axis',(0.,1.,0.));
#3837=DIRECTION('ref_axis',(-1.,0.,0.));
#3838=DIRECTION('',(-1.,0.,0.));
#3839=DIRECTION('',(0.,0.,1.));
#3840=DIRECTION('center_axis',(-1.,0.,0.));
#3841=DIRECTION('ref_axis',(0.,-1.,0.));
#3842=DIRECTION('',(0.,-1.,0.));
#3843=DIRECTION('',(0.,0.,1.));
#3844=DIRECTION('center_axis',(0.,-1.,0.));
#3845=DIRECTION('ref_axis',(1.,0.,0.));
#3846=DIRECTION('',(1.,0.,0.));
#3847=DIRECTION('',(0.,0.,1.));
#3848=DIRECTION('center_axis',(-1.,0.,0.));
#3849=DIRECTION('ref_axis',(0.,-1.,0.));
#3850=DIRECTION('',(0.,-1.,0.));
#3851=DIRECTION('',(0.,0.,1.));
#3852=DIRECTION('center_axis',(0.,-1.,0.));
#3853=DIRECTION('ref_axis',(1.,0.,0.));
#3854=DIRECTION('',(1.,0.,0.));
#3855=DIRECTION('center_axis',(1.,0.,0.));
#3856=DIRECTION('ref_axis',(0.,1.,0.));
#3857=DIRECTION('',(0.,0.,1.));
#3858=DIRECTION('',(0.,1.,0.));
#3859=DIRECTION('',(0.,0.,1.));
#3860=DIRECTION('center_axis',(0.,-1.,0.));
#3861=DIRECTION('ref_axis',(1.,0.,0.));
#3862=DIRECTION('',(1.,0.,0.));
#3863=DIRECTION('',(0.,0.,1.));
#3864=DIRECTION('center_axis',(1.,0.,0.));
#3865=DIRECTION('ref_axis',(0.,1.,0.));
#3866=DIRECTION('',(0.,1.,0.));
#3867=DIRECTION('',(0.,0.,1.));
#3868=DIRECTION('center_axis',(1.10911391071443E-14,1.,0.));
#3869=DIRECTION('ref_axis',(-1.,1.10911391071443E-14,0.));
#3870=DIRECTION('',(-1.,1.10911391071443E-14,0.));
#3871=DIRECTION('',(0.,0.,1.));
#3872=DIRECTION('center_axis',(1.,0.,0.));
#3873=DIRECTION('ref_axis',(0.,1.,0.));
#3874=DIRECTION('',(0.,1.,0.));
#3875=DIRECTION('',(0.,0.,1.));
#3876=DIRECTION('center_axis',(0.,1.,0.));
#3877=DIRECTION('ref_axis',(-1.,0.,0.));
#3878=DIRECTION('',(-1.,0.,0.));
#3879=DIRECTION('',(0.,0.,1.));
#3880=DIRECTION('center_axis',(-1.,0.,0.));
#3881=DIRECTION('ref_axis',(0.,-1.,0.));
#3882=DIRECTION('',(0.,-1.,0.));
#3883=DIRECTION('',(0.,0.,1.));
#3884=DIRECTION('center_axis',(0.,1.,0.));
#3885=DIRECTION('ref_axis',(-1.,0.,0.));
#3886=DIRECTION('',(-1.,0.,0.));
#3887=DIRECTION('',(0.,0.,1.));
#3888=DIRECTION('center_axis',(-1.,0.,0.));
#3889=DIRECTION('ref_axis',(0.,-1.,0.));
#3890=DIRECTION('',(0.,-1.,0.));
#3891=DIRECTION('',(0.,0.,1.));
#3892=DIRECTION('center_axis',(0.,-1.,0.));
#3893=DIRECTION('ref_axis',(1.,0.,0.));
#3894=DIRECTION('',(1.,0.,0.));
#3895=DIRECTION('',(0.,0.,1.));
#3896=DIRECTION('center_axis',(-1.,0.,0.));
#3897=DIRECTION('ref_axis',(0.,-1.,0.));
#3898=DIRECTION('',(0.,-1.,0.));
#3899=DIRECTION('',(0.,0.,1.));
#3900=DIRECTION('center_axis',(0.,-1.,0.));
#3901=DIRECTION('ref_axis',(1.,0.,0.));
#3902=DIRECTION('',(1.,0.,0.));
#3903=DIRECTION('center_axis',(1.,0.,0.));
#3904=DIRECTION('ref_axis',(0.,1.,0.));
#3905=DIRECTION('',(0.,0.,1.));
#3906=DIRECTION('',(0.,1.,0.));
#3907=DIRECTION('',(0.,0.,1.));
#3908=DIRECTION('center_axis',(0.,-1.,0.));
#3909=DIRECTION('ref_axis',(1.,0.,0.));
#3910=DIRECTION('',(1.,0.,0.));
#3911=DIRECTION('',(0.,0.,1.));
#3912=DIRECTION('center_axis',(1.,0.,0.));
#3913=DIRECTION('ref_axis',(0.,1.,0.));
#3914=DIRECTION('',(0.,1.,0.));
#3915=DIRECTION('',(0.,0.,1.));
#3916=DIRECTION('center_axis',(1.10933555618021E-14,1.,0.));
#3917=DIRECTION('ref_axis',(-1.,1.10933555618021E-14,0.));
#3918=DIRECTION('',(-1.,1.10933555618021E-14,0.));
#3919=DIRECTION('',(0.,0.,1.));
#3920=DIRECTION('center_axis',(1.,0.,0.));
#3921=DIRECTION('ref_axis',(0.,1.,0.));
#3922=DIRECTION('',(0.,1.,0.));
#3923=DIRECTION('',(0.,0.,1.));
#3924=DIRECTION('center_axis',(0.,1.,0.));
#3925=DIRECTION('ref_axis',(-1.,0.,0.));
#3926=DIRECTION('',(-1.,0.,0.));
#3927=DIRECTION('',(0.,0.,1.));
#3928=DIRECTION('center_axis',(-1.,0.,0.));
#3929=DIRECTION('ref_axis',(0.,-1.,0.));
#3930=DIRECTION('',(0.,-1.,0.));
#3931=DIRECTION('',(0.,0.,1.));
#3932=DIRECTION('center_axis',(0.,1.,0.));
#3933=DIRECTION('ref_axis',(-1.,0.,0.));
#3934=DIRECTION('',(-1.,0.,0.));
#3935=DIRECTION('',(0.,0.,1.));
#3936=DIRECTION('center_axis',(-1.,0.,0.));
#3937=DIRECTION('ref_axis',(0.,-1.,0.));
#3938=DIRECTION('',(0.,-1.,0.));
#3939=DIRECTION('',(0.,0.,1.));
#3940=DIRECTION('center_axis',(0.,-1.,0.));
#3941=DIRECTION('ref_axis',(1.,0.,0.));
#3942=DIRECTION('',(1.,0.,0.));
#3943=DIRECTION('',(0.,0.,1.));
#3944=DIRECTION('center_axis',(-1.,0.,0.));
#3945=DIRECTION('ref_axis',(0.,-1.,0.));
#3946=DIRECTION('',(0.,-1.,0.));
#3947=DIRECTION('',(0.,0.,1.));
#3948=DIRECTION('center_axis',(0.,-1.,0.));
#3949=DIRECTION('ref_axis',(1.,0.,0.));
#3950=DIRECTION('',(1.,0.,0.));
#3951=DIRECTION('center_axis',(1.,0.,0.));
#3952=DIRECTION('ref_axis',(0.,1.,0.));
#3953=DIRECTION('',(0.,0.,1.));
#3954=DIRECTION('',(0.,1.,0.));
#3955=DIRECTION('',(0.,0.,1.));
#3956=DIRECTION('center_axis',(0.,-1.,0.));
#3957=DIRECTION('ref_axis',(1.,0.,0.));
#3958=DIRECTION('',(1.,0.,0.));
#3959=DIRECTION('',(0.,0.,1.));
#3960=DIRECTION('center_axis',(1.,0.,0.));
#3961=DIRECTION('ref_axis',(0.,1.,0.));
#3962=DIRECTION('',(0.,1.,0.));
#3963=DIRECTION('',(0.,0.,1.));
#3964=DIRECTION('center_axis',(0.,1.,0.));
#3965=DIRECTION('ref_axis',(-1.,0.,0.));
#3966=DIRECTION('',(-1.,0.,0.));
#3967=DIRECTION('',(0.,0.,1.));
#3968=DIRECTION('center_axis',(1.,0.,0.));
#3969=DIRECTION('ref_axis',(0.,1.,0.));
#3970=DIRECTION('',(0.,1.,0.));
#3971=DIRECTION('',(0.,0.,1.));
#3972=DIRECTION('center_axis',(0.,1.,0.));
#3973=DIRECTION('ref_axis',(-1.,0.,0.));
#3974=DIRECTION('',(-1.,0.,0.));
#3975=DIRECTION('',(0.,0.,1.));
#3976=DIRECTION('center_axis',(-1.,0.,0.));
#3977=DIRECTION('ref_axis',(0.,-1.,0.));
#3978=DIRECTION('',(0.,-1.,0.));
#3979=DIRECTION('',(0.,0.,1.));
#3980=DIRECTION('center_axis',(0.,1.,0.));
#3981=DIRECTION('ref_axis',(-1.,0.,0.));
#3982=DIRECTION('',(-1.,0.,0.));
#3983=DIRECTION('',(0.,0.,1.));
#3984=DIRECTION('center_axis',(-1.,0.,0.));
#3985=DIRECTION('ref_axis',(0.,-1.,0.));
#3986=DIRECTION('',(0.,-1.,0.));
#3987=DIRECTION('',(0.,0.,1.));
#3988=DIRECTION('center_axis',(0.,-1.,0.));
#3989=DIRECTION('ref_axis',(1.,0.,0.));
#3990=DIRECTION('',(1.,0.,0.));
#3991=DIRECTION('',(0.,0.,1.));
#3992=DIRECTION('center_axis',(-1.,0.,0.));
#3993=DIRECTION('ref_axis',(0.,-1.,0.));
#3994=DIRECTION('',(0.,-1.,0.));
#3995=DIRECTION('',(0.,0.,1.));
#3996=DIRECTION('center_axis',(0.,-1.,0.));
#3997=DIRECTION('ref_axis',(1.,0.,0.));
#3998=DIRECTION('',(1.,0.,0.));
#3999=DIRECTION('center_axis',(1.,0.,0.));
#4000=DIRECTION('ref_axis',(0.,1.,0.));
#4001=DIRECTION('',(0.,0.,1.));
#4002=DIRECTION('',(0.,1.,0.));
#4003=DIRECTION('',(0.,0.,1.));
#4004=DIRECTION('center_axis',(0.,-1.,0.));
#4005=DIRECTION('ref_axis',(1.,0.,0.));
#4006=DIRECTION('',(1.,0.,0.));
#4007=DIRECTION('',(0.,0.,1.));
#4008=DIRECTION('center_axis',(1.,0.,0.));
#4009=DIRECTION('ref_axis',(0.,1.,0.));
#4010=DIRECTION('',(0.,1.,0.));
#4011=DIRECTION('',(0.,0.,1.));
#4012=DIRECTION('center_axis',(0.,1.,0.));
#4013=DIRECTION('ref_axis',(-1.,0.,0.));
#4014=DIRECTION('',(-1.,0.,0.));
#4015=DIRECTION('',(0.,0.,1.));
#4016=DIRECTION('center_axis',(1.,0.,0.));
#4017=DIRECTION('ref_axis',(0.,1.,0.));
#4018=DIRECTION('',(0.,1.,0.));
#4019=DIRECTION('',(0.,0.,1.));
#4020=DIRECTION('center_axis',(0.,1.,0.));
#4021=DIRECTION('ref_axis',(-1.,0.,0.));
#4022=DIRECTION('',(-1.,0.,0.));
#4023=DIRECTION('',(0.,0.,1.));
#4024=DIRECTION('center_axis',(-1.,0.,0.));
#4025=DIRECTION('ref_axis',(0.,-1.,0.));
#4026=DIRECTION('',(0.,-1.,0.));
#4027=DIRECTION('',(0.,0.,1.));
#4028=DIRECTION('center_axis',(0.,1.,0.));
#4029=DIRECTION('ref_axis',(-1.,0.,0.));
#4030=DIRECTION('',(-1.,0.,0.));
#4031=DIRECTION('',(0.,0.,1.));
#4032=DIRECTION('center_axis',(-1.,0.,0.));
#4033=DIRECTION('ref_axis',(0.,-1.,0.));
#4034=DIRECTION('',(0.,-1.,0.));
#4035=DIRECTION('',(0.,0.,1.));
#4036=DIRECTION('center_axis',(0.,-1.,0.));
#4037=DIRECTION('ref_axis',(1.,0.,0.));
#4038=DIRECTION('',(1.,0.,0.));
#4039=DIRECTION('',(0.,0.,1.));
#4040=DIRECTION('center_axis',(-1.,0.,0.));
#4041=DIRECTION('ref_axis',(0.,-1.,0.));
#4042=DIRECTION('',(0.,-1.,0.));
#4043=DIRECTION('',(0.,0.,1.));
#4044=DIRECTION('center_axis',(0.,-1.,0.));
#4045=DIRECTION('ref_axis',(1.,0.,0.));
#4046=DIRECTION('',(1.,0.,0.));
#4047=DIRECTION('center_axis',(1.,0.,0.));
#4048=DIRECTION('ref_axis',(0.,1.,0.));
#4049=DIRECTION('',(0.,0.,1.));
#4050=DIRECTION('',(0.,1.,0.));
#4051=DIRECTION('',(0.,0.,1.));
#4052=DIRECTION('center_axis',(0.,-1.,0.));
#4053=DIRECTION('ref_axis',(1.,0.,0.));
#4054=DIRECTION('',(1.,0.,0.));
#4055=DIRECTION('',(0.,0.,1.));
#4056=DIRECTION('center_axis',(1.,0.,0.));
#4057=DIRECTION('ref_axis',(0.,1.,0.));
#4058=DIRECTION('',(0.,1.,0.));
#4059=DIRECTION('',(0.,0.,1.));
#4060=DIRECTION('center_axis',(0.,1.,0.));
#4061=DIRECTION('ref_axis',(-1.,0.,0.));
#4062=DIRECTION('',(-1.,0.,0.));
#4063=DIRECTION('',(0.,0.,1.));
#4064=DIRECTION('center_axis',(1.,0.,0.));
#4065=DIRECTION('ref_axis',(0.,1.,0.));
#4066=DIRECTION('',(0.,1.,0.));
#4067=DIRECTION('',(0.,0.,1.));
#4068=DIRECTION('center_axis',(0.,1.,0.));
#4069=DIRECTION('ref_axis',(-1.,0.,0.));
#4070=DIRECTION('',(-1.,0.,0.));
#4071=DIRECTION('',(0.,0.,1.));
#4072=DIRECTION('center_axis',(-1.,0.,0.));
#4073=DIRECTION('ref_axis',(0.,-1.,0.));
#4074=DIRECTION('',(0.,-1.,0.));
#4075=DIRECTION('',(0.,0.,1.));
#4076=DIRECTION('center_axis',(2.21822782142887E-14,1.,0.));
#4077=DIRECTION('ref_axis',(-1.,2.21822782142887E-14,0.));
#4078=DIRECTION('',(-1.,2.21822782142887E-14,0.));
#4079=DIRECTION('',(0.,0.,1.));
#4080=DIRECTION('center_axis',(-1.,0.,0.));
#4081=DIRECTION('ref_axis',(0.,-1.,0.));
#4082=DIRECTION('',(0.,-1.,0.));
#4083=DIRECTION('',(0.,0.,1.));
#4084=DIRECTION('center_axis',(0.,-1.,0.));
#4085=DIRECTION('ref_axis',(1.,0.,0.));
#4086=DIRECTION('',(1.,0.,0.));
#4087=DIRECTION('',(0.,0.,1.));
#4088=DIRECTION('center_axis',(-1.,0.,0.));
#4089=DIRECTION('ref_axis',(0.,-1.,0.));
#4090=DIRECTION('',(0.,-1.,0.));
#4091=DIRECTION('',(0.,0.,1.));
#4092=DIRECTION('center_axis',(0.,-1.,0.));
#4093=DIRECTION('ref_axis',(1.,0.,0.));
#4094=DIRECTION('',(1.,0.,0.));
#4095=DIRECTION('center_axis',(1.,0.,0.));
#4096=DIRECTION('ref_axis',(0.,1.,0.));
#4097=DIRECTION('',(0.,0.,1.));
#4098=DIRECTION('',(0.,1.,0.));
#4099=DIRECTION('',(0.,0.,1.));
#4100=DIRECTION('center_axis',(0.,-1.,0.));
#4101=DIRECTION('ref_axis',(1.,0.,0.));
#4102=DIRECTION('',(1.,0.,0.));
#4103=DIRECTION('',(0.,0.,1.));
#4104=DIRECTION('center_axis',(1.,0.,0.));
#4105=DIRECTION('ref_axis',(0.,1.,0.));
#4106=DIRECTION('',(0.,1.,0.));
#4107=DIRECTION('',(0.,0.,1.));
#4108=DIRECTION('center_axis',(0.,1.,0.));
#4109=DIRECTION('ref_axis',(-1.,0.,0.));
#4110=DIRECTION('',(-1.,0.,0.));
#4111=DIRECTION('',(0.,0.,1.));
#4112=DIRECTION('center_axis',(1.,0.,0.));
#4113=DIRECTION('ref_axis',(0.,1.,0.));
#4114=DIRECTION('',(0.,1.,0.));
#4115=DIRECTION('',(0.,0.,1.));
#4116=DIRECTION('center_axis',(0.,1.,0.));
#4117=DIRECTION('ref_axis',(-1.,0.,0.));
#4118=DIRECTION('',(-1.,0.,0.));
#4119=DIRECTION('',(0.,0.,1.));
#4120=DIRECTION('center_axis',(-1.,0.,0.));
#4121=DIRECTION('ref_axis',(0.,-1.,0.));
#4122=DIRECTION('',(0.,-1.,0.));
#4123=DIRECTION('',(0.,0.,1.));
#4124=DIRECTION('center_axis',(2.21822782142889E-14,1.,0.));
#4125=DIRECTION('ref_axis',(-1.,2.21822782142889E-14,0.));
#4126=DIRECTION('',(-1.,2.21822782142889E-14,0.));
#4127=DIRECTION('',(0.,0.,1.));
#4128=DIRECTION('center_axis',(-1.,0.,0.));
#4129=DIRECTION('ref_axis',(0.,-1.,0.));
#4130=DIRECTION('',(0.,-1.,0.));
#4131=DIRECTION('',(0.,0.,1.));
#4132=DIRECTION('center_axis',(0.,-1.,0.));
#4133=DIRECTION('ref_axis',(1.,0.,0.));
#4134=DIRECTION('',(1.,0.,0.));
#4135=DIRECTION('',(0.,0.,1.));
#4136=DIRECTION('center_axis',(-1.,0.,0.));
#4137=DIRECTION('ref_axis',(0.,-1.,0.));
#4138=DIRECTION('',(0.,-1.,0.));
#4139=DIRECTION('',(0.,0.,1.));
#4140=DIRECTION('center_axis',(0.,-1.,0.));
#4141=DIRECTION('ref_axis',(1.,0.,0.));
#4142=DIRECTION('',(1.,0.,0.));
#4143=DIRECTION('center_axis',(1.,0.,0.));
#4144=DIRECTION('ref_axis',(0.,1.,0.));
#4145=DIRECTION('',(0.,0.,1.));
#4146=DIRECTION('',(0.,1.,0.));
#4147=DIRECTION('',(0.,0.,1.));
#4148=DIRECTION('center_axis',(0.,-1.,0.));
#4149=DIRECTION('ref_axis',(1.,0.,0.));
#4150=DIRECTION('',(1.,0.,0.));
#4151=DIRECTION('',(0.,0.,1.));
#4152=DIRECTION('center_axis',(1.,0.,0.));
#4153=DIRECTION('ref_axis',(0.,1.,0.));
#4154=DIRECTION('',(0.,1.,0.));
#4155=DIRECTION('',(0.,0.,1.));
#4156=DIRECTION('center_axis',(0.,1.,0.));
#4157=DIRECTION('ref_axis',(-1.,0.,0.));
#4158=DIRECTION('',(-1.,0.,0.));
#4159=DIRECTION('',(0.,0.,1.));
#4160=DIRECTION('center_axis',(1.,0.,0.));
#4161=DIRECTION('ref_axis',(0.,1.,0.));
#4162=DIRECTION('',(0.,1.,0.));
#4163=DIRECTION('',(0.,0.,1.));
#4164=DIRECTION('center_axis',(0.,1.,0.));
#4165=DIRECTION('ref_axis',(-1.,0.,0.));
#4166=DIRECTION('',(-1.,0.,0.));
#4167=DIRECTION('',(0.,0.,1.));
#4168=DIRECTION('center_axis',(-1.,0.,0.));
#4169=DIRECTION('ref_axis',(0.,-1.,0.));
#4170=DIRECTION('',(0.,-1.,0.));
#4171=DIRECTION('',(0.,0.,1.));
#4172=DIRECTION('center_axis',(0.,1.,0.));
#4173=DIRECTION('ref_axis',(-1.,0.,0.));
#4174=DIRECTION('',(-1.,0.,0.));
#4175=DIRECTION('',(0.,0.,1.));
#4176=DIRECTION('center_axis',(-1.,0.,0.));
#4177=DIRECTION('ref_axis',(0.,-1.,0.));
#4178=DIRECTION('',(0.,-1.,0.));
#4179=DIRECTION('',(0.,0.,1.));
#4180=DIRECTION('center_axis',(0.,-1.,0.));
#4181=DIRECTION('ref_axis',(1.,0.,0.));
#4182=DIRECTION('',(1.,0.,0.));
#4183=DIRECTION('',(0.,0.,1.));
#4184=DIRECTION('center_axis',(-1.,0.,0.));
#4185=DIRECTION('ref_axis',(0.,-1.,0.));
#4186=DIRECTION('',(0.,-1.,0.));
#4187=DIRECTION('',(0.,0.,1.));
#4188=DIRECTION('center_axis',(0.,-1.,0.));
#4189=DIRECTION('ref_axis',(1.,0.,0.));
#4190=DIRECTION('',(1.,0.,0.));
#4191=DIRECTION('center_axis',(1.,0.,0.));
#4192=DIRECTION('ref_axis',(0.,1.,0.));
#4193=DIRECTION('',(0.,0.,1.));
#4194=DIRECTION('',(0.,1.,0.));
#4195=DIRECTION('',(0.,0.,1.));
#4196=DIRECTION('center_axis',(0.,-1.,0.));
#4197=DIRECTION('ref_axis',(1.,0.,0.));
#4198=DIRECTION('',(1.,0.,0.));
#4199=DIRECTION('',(0.,0.,1.));
#4200=DIRECTION('center_axis',(1.,0.,0.));
#4201=DIRECTION('ref_axis',(0.,1.,0.));
#4202=DIRECTION('',(0.,1.,0.));
#4203=DIRECTION('',(0.,0.,1.));
#4204=DIRECTION('center_axis',(1.10925242875E-14,1.,0.));
#4205=DIRECTION('ref_axis',(-1.,1.10925242875E-14,0.));
#4206=DIRECTION('',(-1.,1.10925242875E-14,0.));
#4207=DIRECTION('',(0.,0.,1.));
#4208=DIRECTION('center_axis',(1.,0.,0.));
#4209=DIRECTION('ref_axis',(0.,1.,0.));
#4210=DIRECTION('',(0.,1.,0.));
#4211=DIRECTION('',(0.,0.,1.));
#4212=DIRECTION('center_axis',(0.,1.,0.));
#4213=DIRECTION('ref_axis',(-1.,0.,0.));
#4214=DIRECTION('',(-1.,0.,0.));
#4215=DIRECTION('',(0.,0.,1.));
#4216=DIRECTION('center_axis',(-1.,0.,0.));
#4217=DIRECTION('ref_axis',(0.,-1.,0.));
#4218=DIRECTION('',(0.,-1.,0.));
#4219=DIRECTION('',(0.,0.,1.));
#4220=DIRECTION('center_axis',(0.,1.,0.));
#4221=DIRECTION('ref_axis',(-1.,0.,0.));
#4222=DIRECTION('',(-1.,0.,0.));
#4223=DIRECTION('',(0.,0.,1.));
#4224=DIRECTION('center_axis',(-1.,0.,0.));
#4225=DIRECTION('ref_axis',(0.,-1.,0.));
#4226=DIRECTION('',(0.,-1.,0.));
#4227=DIRECTION('',(0.,0.,1.));
#4228=DIRECTION('center_axis',(0.,-1.,0.));
#4229=DIRECTION('ref_axis',(1.,0.,0.));
#4230=DIRECTION('',(1.,0.,0.));
#4231=DIRECTION('',(0.,0.,1.));
#4232=DIRECTION('center_axis',(-1.,0.,0.));
#4233=DIRECTION('ref_axis',(0.,-1.,0.));
#4234=DIRECTION('',(0.,-1.,0.));
#4235=DIRECTION('',(0.,0.,1.));
#4236=DIRECTION('center_axis',(0.,-1.,0.));
#4237=DIRECTION('ref_axis',(1.,0.,0.));
#4238=DIRECTION('',(1.,0.,0.));
#4239=DIRECTION('center_axis',(0.,0.,1.));
#4240=DIRECTION('ref_axis',(1.,0.,0.));
#4241=CARTESIAN_POINT('',(0.,0.,0.));
#4242=CARTESIAN_POINT('Origin',(84.7071066619772,-84.7071066619772,12.625));
#4243=CARTESIAN_POINT('',(86.4071066619773,-84.7071066619772,6.625));
#4244=CARTESIAN_POINT('Origin',(84.7071066619772,-84.7071066619772,6.625));
#4245=CARTESIAN_POINT('',(86.4071066619773,-84.7071066619772,5.125));
#4246=CARTESIAN_POINT('',(86.4071066619773,-84.7071066619772,12.625));
#4247=CARTESIAN_POINT('Origin',(84.7071066619772,-84.7071066619772,5.125));
#4248=CARTESIAN_POINT('Origin',(84.7071066619773,3.70710690039584,12.625));
#4249=CARTESIAN_POINT('',(86.4071066619773,3.70710690039584,6.625));
#4250=CARTESIAN_POINT('Origin',(84.7071066619773,3.70710690039584,6.625));
#4251=CARTESIAN_POINT('',(86.4071066619773,3.70710690039584,5.125));
#4252=CARTESIAN_POINT('',(86.4071066619773,3.70710690039584,12.625));
#4253=CARTESIAN_POINT('Origin',(84.7071066619773,3.70710690039584,5.125));
#4254=CARTESIAN_POINT('Origin',(-3.70710690039583,-84.7071066619772,12.625));
#4255=CARTESIAN_POINT('',(-2.00710690039584,-84.7071066619772,6.625));
#4256=CARTESIAN_POINT('Origin',(-3.70710690039583,-84.7071066619772,6.625));
#4257=CARTESIAN_POINT('',(-2.00710690039584,-84.7071066619772,5.125));
#4258=CARTESIAN_POINT('',(-2.00710690039584,-84.7071066619772,12.625));
#4259=CARTESIAN_POINT('Origin',(-3.70710690039583,-84.7071066619772,5.125));
#4260=CARTESIAN_POINT('Origin',(-3.70710690039584,3.70710690039584,12.625));
#4261=CARTESIAN_POINT('',(-2.00710690039584,3.70710690039584,6.625));
#4262=CARTESIAN_POINT('Origin',(-3.70710690039584,3.70710690039584,6.625));
#4263=CARTESIAN_POINT('',(-2.00710690039584,3.70710690039584,5.125));
#4264=CARTESIAN_POINT('',(-2.00710690039584,3.70710690039584,12.625));
#4265=CARTESIAN_POINT('Origin',(-3.70710690039584,3.70710690039584,5.125));
#4266=CARTESIAN_POINT('Origin',(14.4699999999998,8.00000011920929,4.65499999999995));
#4267=CARTESIAN_POINT('',(16.3887495928335,8.00000011920929,6.625));
#4268=CARTESIAN_POINT('',(16.3887495928335,0.,6.625));
#4269=CARTESIAN_POINT('',(16.3887495928335,8.00000011920929,6.625));
#4270=CARTESIAN_POINT('',(17.1795387061267,8.00000011920929,5.125));
#4271=CARTESIAN_POINT('Origin',(14.4699999999998,8.00000011920929,4.65499999999995));
#4272=CARTESIAN_POINT('',(17.1795387061267,7.45058059692383E-8,5.125));
#4273=CARTESIAN_POINT('',(17.1795387061267,8.00000011920929,5.125));
#4274=CARTESIAN_POINT('Origin',(14.4699999999998,0.,4.65499999999995));
#4275=CARTESIAN_POINT('Origin',(8.02999999999977,8.00000011920929,4.65499999999995));
#4276=CARTESIAN_POINT('',(6.11125040716599,0.,6.625));
#4277=CARTESIAN_POINT('',(6.11125040716599,8.00000011920929,6.625));
#4278=CARTESIAN_POINT('',(6.11125040716599,8.00000011920929,6.625));
#4279=CARTESIAN_POINT('',(5.32046129387285,7.45058059692383E-8,5.125));
#4280=CARTESIAN_POINT('Origin',(8.02999999999977,0.,4.65499999999995));
#4281=CARTESIAN_POINT('',(5.32046129387285,8.00000011920929,5.125));
#4282=CARTESIAN_POINT('',(5.32046129387285,8.00000011920929,5.125));
#4283=CARTESIAN_POINT('Origin',(8.02999999999977,8.00000011920929,4.65499999999995));
#4284=CARTESIAN_POINT('Origin',(-3.00000011920929,8.00000011920929,6.625));
#4285=CARTESIAN_POINT('',(83.9999998807907,8.0000001192093,6.625));
#4286=CARTESIAN_POINT('',(-3.00000011920929,8.00000011920929,6.625));
#4287=CARTESIAN_POINT('',(83.9999998807907,8.0000001192093,5.125));
#4288=CARTESIAN_POINT('',(83.9999998807907,8.0000001192093,6.625));
#4289=CARTESIAN_POINT('',(18.7499998807907,8.00000011920929,5.125));
#4290=CARTESIAN_POINT('Origin',(-3.00000011920929,8.00000011920929,6.625));
#4291=CARTESIAN_POINT('',(-3.00000011920929,8.00000011920929,5.125));
#4292=CARTESIAN_POINT('',(18.7499998807907,8.00000011920929,5.125));
#4293=CARTESIAN_POINT('',(-3.00000011920929,8.00000011920929,6.625));
#4294=CARTESIAN_POINT('',(-3.00000011920929,8.00000011920929,6.625));
#4295=CARTESIAN_POINT('',(-3.00000011920929,8.00000011920929,6.625));
#4296=CARTESIAN_POINT('Origin',(80.96625,0.,6.625));
#4297=CARTESIAN_POINT('',(20.0000002980232,0.,5.125));
#4298=CARTESIAN_POINT('',(60.7331249403954,0.,5.125));
#4299=CARTESIAN_POINT('',(20.0000002980232,0.,6.625));
#4300=CARTESIAN_POINT('',(20.0000002980232,0.,6.625));
#4301=CARTESIAN_POINT('',(0.,0.,6.625));
#4302=CARTESIAN_POINT('Origin',(40.3951923,-51.1674035,5.125));
#4303=CARTESIAN_POINT('',(2.50000000000153,0.,5.125));
#4304=CARTESIAN_POINT('',(60.7331249403954,0.,5.125));
#4305=CARTESIAN_POINT('',(2.50000000000153,-19.1200003129244,5.125));
#4306=CARTESIAN_POINT('',(2.50000000000166,-35.1437019064623,5.125));
#4307=CARTESIAN_POINT('',(4.38000000000153,-21.0000003129244,5.125));
#4308=CARTESIAN_POINT('Origin',(4.38000000000153,-19.1200003129244,5.125));
#4309=CARTESIAN_POINT('',(18.1199999999977,-21.0000003129244,5.125));
#4310=CARTESIAN_POINT('',(29.2575961499988,-21.0000003129244,5.125));
#4311=CARTESIAN_POINT('',(19.9999999999976,-19.1200000148988,5.125));
#4312=CARTESIAN_POINT('Origin',(18.1199999999977,-19.1200003129244,5.125));
#4313=CARTESIAN_POINT('',(20.0000002980232,-25.57557675,5.125));
#4314=CARTESIAN_POINT('',(88.9999998807907,3.00000011920929,5.125));
#4315=CARTESIAN_POINT('Origin',(83.9999998807907,3.00000011920928,5.125));
#4316=CARTESIAN_POINT('',(88.9999998807907,-83.9999998807907,5.125));
#4317=CARTESIAN_POINT('',(88.9999998807907,-18.7499998807907,5.125));
#4318=CARTESIAN_POINT('',(83.9999998807907,-88.9999998807907,5.125));
#4319=CARTESIAN_POINT('Origin',(83.9999998807907,-83.9999998807907,5.125));
#4320=CARTESIAN_POINT('',(-3.00000011920929,-88.9999998807907,5.125));
#4321=CARTESIAN_POINT('',(62.2499998807907,-88.9999998807907,5.125));
#4322=CARTESIAN_POINT('',(-8.00000011920929,-83.9999998807907,5.125));
#4323=CARTESIAN_POINT('Origin',(-3.00000011920928,-83.9999998807907,5.125));
#4324=CARTESIAN_POINT('',(-8.00000011920929,3.00000011920929,5.125));
#4325=CARTESIAN_POINT('',(-8.00000011920929,-62.2499998807907,5.125));
#4326=CARTESIAN_POINT('Origin',(-3.00000011920929,3.00000011920929,5.125));
#4327=CARTESIAN_POINT('',(23.8697,-63.2169,5.125));
#4328=CARTESIAN_POINT('',(37.869,-63.2169,5.125));
#4329=CARTESIAN_POINT('',(37.869,-63.2169,5.125));
#4330=CARTESIAN_POINT('',(23.8697,-63.8163,5.125));
#4331=CARTESIAN_POINT('',(23.8697,-63.2169,5.125));
#4332=CARTESIAN_POINT('',(23.069,-63.8163,5.125));
#4333=CARTESIAN_POINT('',(23.8697,-63.8163,5.125));
#4334=CARTESIAN_POINT('',(23.069,-76.61692,5.125));
#4335=CARTESIAN_POINT('',(23.069,-63.8163,5.125));
#4336=CARTESIAN_POINT('',(23.8697,-76.61692,5.125));
#4337=CARTESIAN_POINT('',(23.069,-76.61692,5.125));
#4338=CARTESIAN_POINT('',(23.8697,-77.21636,5.125));
#4339=CARTESIAN_POINT('',(23.8697,-76.61692,5.125));
#4340=CARTESIAN_POINT('',(37.869,-77.21636,5.125));
#4341=CARTESIAN_POINT('',(23.8697,-77.21636,5.125));
#4342=CARTESIAN_POINT('',(37.869,-76.61692,5.125));
#4343=CARTESIAN_POINT('',(37.869,-77.21636,5.125));
#4344=CARTESIAN_POINT('',(38.6698,-76.61692,5.125));
#4345=CARTESIAN_POINT('',(37.869,-76.61692,5.125));
#4346=CARTESIAN_POINT('',(38.6698,-63.8163,5.125));
#4347=CARTESIAN_POINT('',(38.6698,-76.61692,5.125));
#4348=CARTESIAN_POINT('',(37.869,-63.8163,5.125));
#4349=CARTESIAN_POINT('',(38.6698,-63.8163,5.125));
#4350=CARTESIAN_POINT('',(37.869,-63.8163,5.125));
#4351=CARTESIAN_POINT('',(23.8697,-44.167,5.125));
#4352=CARTESIAN_POINT('',(37.869,-44.167,5.125));
#4353=CARTESIAN_POINT('',(37.869,-44.167,5.125));
#4354=CARTESIAN_POINT('',(23.8697,-44.7663,5.125));
#4355=CARTESIAN_POINT('',(23.8697,-44.167,5.125));
#4356=CARTESIAN_POINT('',(23.069,-44.7663,5.125));
#4357=CARTESIAN_POINT('',(23.8697,-44.7663,5.125));
#4358=CARTESIAN_POINT('',(23.069,-57.5669,5.125));
#4359=CARTESIAN_POINT('',(23.069,-44.7663,5.125));
#4360=CARTESIAN_POINT('',(23.8697,-57.5669,5.125));
#4361=CARTESIAN_POINT('',(23.069,-57.5669,5.125));
#4362=CARTESIAN_POINT('',(23.8697,-58.1664,5.125));
#4363=CARTESIAN_POINT('',(23.8697,-57.5669,5.125));
#4364=CARTESIAN_POINT('',(37.869,-58.1664,5.125));
#4365=CARTESIAN_POINT('',(23.8697,-58.1664,5.125));
#4366=CARTESIAN_POINT('',(37.869,-57.5669,5.125));
#4367=CARTESIAN_POINT('',(37.869,-58.1664,5.125));
#4368=CARTESIAN_POINT('',(38.6698,-57.5669,5.125));
#4369=CARTESIAN_POINT('',(37.869,-57.5669,5.125));
#4370=CARTESIAN_POINT('',(38.6698,-44.7663,5.125));
#4371=CARTESIAN_POINT('',(38.6698,-57.5669,5.125));
#4372=CARTESIAN_POINT('',(37.869,-44.7663,5.125));
#4373=CARTESIAN_POINT('',(38.6698,-44.7663,5.125));
#4374=CARTESIAN_POINT('',(37.869,-44.7663,5.125));
#4375=CARTESIAN_POINT('',(23.8697,-25.1169,5.125));
#4376=CARTESIAN_POINT('',(37.869,-25.1169,5.125));
#4377=CARTESIAN_POINT('',(37.869,-25.1169,5.125));
#4378=CARTESIAN_POINT('',(23.8697,-25.7163,5.125));
#4379=CARTESIAN_POINT('',(23.8697,-25.1169,5.125));
#4380=CARTESIAN_POINT('',(23.069,-25.7163,5.125));
#4381=CARTESIAN_POINT('',(23.8697,-25.7163,5.125));
#4382=CARTESIAN_POINT('',(23.069,-38.5169,5.125));
#4383=CARTESIAN_POINT('',(23.069,-25.7163,5.125));
#4384=CARTESIAN_POINT('',(23.8697,-38.5169,5.125));
#4385=CARTESIAN_POINT('',(23.069,-38.5169,5.125));
#4386=CARTESIAN_POINT('',(23.8697,-39.1162,5.125));
#4387=CARTESIAN_POINT('',(23.8697,-38.5169,5.125));
#4388=CARTESIAN_POINT('',(37.869,-39.1162,5.125));
#4389=CARTESIAN_POINT('',(23.8697,-39.1162,5.125));
#4390=CARTESIAN_POINT('',(37.869,-38.5169,5.125));
#4391=CARTESIAN_POINT('',(37.869,-39.1162,5.125));
#4392=CARTESIAN_POINT('',(38.6698,-38.5169,5.125));
#4393=CARTESIAN_POINT('',(37.869,-38.5169,5.125));
#4394=CARTESIAN_POINT('',(38.6698,-25.7163,5.125));
#4395=CARTESIAN_POINT('',(38.6698,-38.5169,5.125));
#4396=CARTESIAN_POINT('',(37.869,-25.7163,5.125));
#4397=CARTESIAN_POINT('',(38.6698,-25.7163,5.125));
#4398=CARTESIAN_POINT('',(37.869,-25.7163,5.125));
#4399=CARTESIAN_POINT('',(42.9197,-25.1169,5.125));
#4400=CARTESIAN_POINT('',(56.919,-25.1169,5.125));
#4401=CARTESIAN_POINT('',(56.919,-25.1169,5.125));
#4402=CARTESIAN_POINT('',(42.9197,-25.7163,5.125));
#4403=CARTESIAN_POINT('',(42.9197,-25.1169,5.125));
#4404=CARTESIAN_POINT('',(42.1189,-25.7163,5.125));
#4405=CARTESIAN_POINT('',(42.9197,-25.7163,5.125));
#4406=CARTESIAN_POINT('',(42.1189,-38.5169,5.125));
#4407=CARTESIAN_POINT('',(42.1189,-25.7163,5.125));
#4408=CARTESIAN_POINT('',(42.9197,-38.5169,5.125));
#4409=CARTESIAN_POINT('',(42.1189,-38.5169,5.125));
#4410=CARTESIAN_POINT('',(42.9197,-39.1162,5.125));
#4411=CARTESIAN_POINT('',(42.9197,-38.5169,5.125));
#4412=CARTESIAN_POINT('',(56.919,-39.1162,5.125));
#4413=CARTESIAN_POINT('',(42.9197,-39.1162,5.125));
#4414=CARTESIAN_POINT('',(56.919,-38.5169,5.125));
#4415=CARTESIAN_POINT('',(56.919,-39.1162,5.125));
#4416=CARTESIAN_POINT('',(57.7198,-38.5169,5.125));
#4417=CARTESIAN_POINT('',(56.919,-38.5169,5.125));
#4418=CARTESIAN_POINT('',(57.7198,-25.7163,5.125));
#4419=CARTESIAN_POINT('',(57.7198,-38.5169,5.125));
#4420=CARTESIAN_POINT('',(56.919,-25.7163,5.125));
#4421=CARTESIAN_POINT('',(57.7198,-25.7163,5.125));
#4422=CARTESIAN_POINT('',(56.919,-25.7163,5.125));
#4423=CARTESIAN_POINT('',(42.9197,-44.167,5.125));
#4424=CARTESIAN_POINT('',(56.919,-44.167,5.125));
#4425=CARTESIAN_POINT('',(56.919,-44.167,5.125));
#4426=CARTESIAN_POINT('',(42.9197,-44.7663,5.125));
#4427=CARTESIAN_POINT('',(42.9197,-44.167,5.125));
#4428=CARTESIAN_POINT('',(42.1189,-44.7663,5.125));
#4429=CARTESIAN_POINT('',(42.9197,-44.7663,5.125));
#4430=CARTESIAN_POINT('',(42.1189,-57.5669,5.125));
#4431=CARTESIAN_POINT('',(42.1189,-44.7663,5.125));
#4432=CARTESIAN_POINT('',(42.9197,-57.5669,5.125));
#4433=CARTESIAN_POINT('',(42.1189,-57.5669,5.125));
#4434=CARTESIAN_POINT('',(42.9197,-58.1664,5.125));
#4435=CARTESIAN_POINT('',(42.9197,-57.5669,5.125));
#4436=CARTESIAN_POINT('',(56.919,-58.1664,5.125));
#4437=CARTESIAN_POINT('',(42.9197,-58.1664,5.125));
#4438=CARTESIAN_POINT('',(56.919,-57.5669,5.125));
#4439=CARTESIAN_POINT('',(56.919,-58.1664,5.125));
#4440=CARTESIAN_POINT('',(57.7198,-57.5669,5.125));
#4441=CARTESIAN_POINT('',(56.919,-57.5669,5.125));
#4442=CARTESIAN_POINT('',(57.7198,-44.7663,5.125));
#4443=CARTESIAN_POINT('',(57.7198,-57.5669,5.125));
#4444=CARTESIAN_POINT('',(56.919,-44.7663,5.125));
#4445=CARTESIAN_POINT('',(57.7198,-44.7663,5.125));
#4446=CARTESIAN_POINT('',(56.919,-44.7663,5.125));
#4447=CARTESIAN_POINT('',(61.9697,-44.167,5.125));
#4448=CARTESIAN_POINT('',(75.969,-44.167,5.125));
#4449=CARTESIAN_POINT('',(75.969,-44.167,5.125));
#4450=CARTESIAN_POINT('',(61.9697,-44.7663,5.125));
#4451=CARTESIAN_POINT('',(61.9697,-44.167,5.125));
#4452=CARTESIAN_POINT('',(61.1689,-44.7663,5.125));
#4453=CARTESIAN_POINT('',(61.9697,-44.7663,5.125));
#4454=CARTESIAN_POINT('',(61.1689,-57.5669,5.125));
#4455=CARTESIAN_POINT('',(61.1689,-44.7663,5.125));
#4456=CARTESIAN_POINT('',(61.9697,-57.5669,5.125));
#4457=CARTESIAN_POINT('',(61.1689,-57.5669,5.125));
#4458=CARTESIAN_POINT('',(61.9697,-58.1664,5.125));
#4459=CARTESIAN_POINT('',(61.9697,-57.5669,5.125));
#4460=CARTESIAN_POINT('',(75.969,-58.1664,5.125));
#4461=CARTESIAN_POINT('',(61.9697,-58.1664,5.125));
#4462=CARTESIAN_POINT('',(75.969,-57.5669,5.125));
#4463=CARTESIAN_POINT('',(75.969,-58.1664,5.125));
#4464=CARTESIAN_POINT('',(76.7698,-57.5669,5.125));
#4465=CARTESIAN_POINT('',(75.969,-57.5669,5.125));
#4466=CARTESIAN_POINT('',(76.7698,-44.7663,5.125));
#4467=CARTESIAN_POINT('',(76.7698,-57.5669,5.125));
#4468=CARTESIAN_POINT('',(75.969,-44.7663,5.125));
#4469=CARTESIAN_POINT('',(76.7698,-44.7663,5.125));
#4470=CARTESIAN_POINT('',(75.969,-44.7663,5.125));
#4471=CARTESIAN_POINT('',(4.81965,-63.2169,5.125));
#4472=CARTESIAN_POINT('',(18.8192,-63.2169,5.125));
#4473=CARTESIAN_POINT('',(18.8192,-63.2169,5.125));
#4474=CARTESIAN_POINT('',(4.81965,-63.8163,5.125));
#4475=CARTESIAN_POINT('',(4.81965,-63.2169,5.125));
#4476=CARTESIAN_POINT('',(4.01901,-63.8163,5.125));
#4477=CARTESIAN_POINT('',(4.81965,-63.8163,5.125));
#4478=CARTESIAN_POINT('',(4.01901,-76.61692,5.125));
#4479=CARTESIAN_POINT('',(4.01901,-63.8163,5.125));
#4480=CARTESIAN_POINT('',(4.81965,-76.61692,5.125));
#4481=CARTESIAN_POINT('',(4.01901,-76.61692,5.125));
#4482=CARTESIAN_POINT('',(4.81965,-77.21636,5.125));
#4483=CARTESIAN_POINT('',(4.81965,-76.61692,5.125));
#4484=CARTESIAN_POINT('',(18.8192,-77.21636,5.125));
#4485=CARTESIAN_POINT('',(4.81965,-77.21636,5.125));
#4486=CARTESIAN_POINT('',(18.8192,-76.61692,5.125));
#4487=CARTESIAN_POINT('',(18.8192,-77.21636,5.125));
#4488=CARTESIAN_POINT('',(19.6198,-76.61692,5.125));
#4489=CARTESIAN_POINT('',(18.8192,-76.61692,5.125));
#4490=CARTESIAN_POINT('',(19.6198,-63.8163,5.125));
#4491=CARTESIAN_POINT('',(19.6198,-76.61692,5.125));
#4492=CARTESIAN_POINT('',(18.8192,-63.8163,5.125));
#4493=CARTESIAN_POINT('',(19.6198,-63.8163,5.125));
#4494=CARTESIAN_POINT('',(18.8192,-63.8163,5.125));
#4495=CARTESIAN_POINT('',(61.9697,-63.2169,5.125));
#4496=CARTESIAN_POINT('',(75.969,-63.2169,5.125));
#4497=CARTESIAN_POINT('',(75.969,-63.2169,5.125));
#4498=CARTESIAN_POINT('',(61.9697,-63.8163,5.125));
#4499=CARTESIAN_POINT('',(61.9697,-63.2169,5.125));
#4500=CARTESIAN_POINT('',(61.1689,-63.8163,5.125));
#4501=CARTESIAN_POINT('',(61.9697,-63.8163,5.125));
#4502=CARTESIAN_POINT('',(61.1689,-76.61692,5.125));
#4503=CARTESIAN_POINT('',(61.1689,-63.8163,5.125));
#4504=CARTESIAN_POINT('',(61.9697,-76.61692,5.125));
#4505=CARTESIAN_POINT('',(61.1689,-76.61692,5.125));
#4506=CARTESIAN_POINT('',(61.9697,-77.21636,5.125));
#4507=CARTESIAN_POINT('',(61.9697,-76.61692,5.125));
#4508=CARTESIAN_POINT('',(75.969,-77.21636,5.125));
#4509=CARTESIAN_POINT('',(61.9697,-77.21636,5.125));
#4510=CARTESIAN_POINT('',(75.969,-76.61692,5.125));
#4511=CARTESIAN_POINT('',(75.969,-77.21636,5.125));
#4512=CARTESIAN_POINT('',(76.7698,-76.61692,5.125));
#4513=CARTESIAN_POINT('',(75.969,-76.61692,5.125));
#4514=CARTESIAN_POINT('',(76.7698,-63.8163,5.125));
#4515=CARTESIAN_POINT('',(76.7698,-76.61692,5.125));
#4516=CARTESIAN_POINT('',(75.969,-63.8163,5.125));
#4517=CARTESIAN_POINT('',(76.7698,-63.8163,5.125));
#4518=CARTESIAN_POINT('',(75.969,-63.8163,5.125));
#4519=CARTESIAN_POINT('',(4.81965,-44.167,5.125));
#4520=CARTESIAN_POINT('',(18.8192,-44.167,5.125));
#4521=CARTESIAN_POINT('',(18.8192,-44.167,5.125));
#4522=CARTESIAN_POINT('',(4.81965,-44.7663,5.125));
#4523=CARTESIAN_POINT('',(4.81965,-44.167,5.125));
#4524=CARTESIAN_POINT('',(4.01901,-44.7663,5.125));
#4525=CARTESIAN_POINT('',(4.81965,-44.7663,5.125));
#4526=CARTESIAN_POINT('',(4.01901,-57.5669,5.125));
#4527=CARTESIAN_POINT('',(4.01901,-44.7663,5.125));
#4528=CARTESIAN_POINT('',(4.81965,-57.5669,5.125));
#4529=CARTESIAN_POINT('',(4.01901,-57.5669,5.125));
#4530=CARTESIAN_POINT('',(4.81965,-58.1664,5.125));
#4531=CARTESIAN_POINT('',(4.81965,-57.5669,5.125));
#4532=CARTESIAN_POINT('',(18.8192,-58.1664,5.125));
#4533=CARTESIAN_POINT('',(4.81965,-58.1664,5.125));
#4534=CARTESIAN_POINT('',(18.8192,-57.5669,5.125));
#4535=CARTESIAN_POINT('',(18.8192,-58.1664,5.125));
#4536=CARTESIAN_POINT('',(19.6198,-57.5669,5.125));
#4537=CARTESIAN_POINT('',(18.8192,-57.5669,5.125));
#4538=CARTESIAN_POINT('',(19.6198,-44.7663,5.125));
#4539=CARTESIAN_POINT('',(19.6198,-57.5669,5.125));
#4540=CARTESIAN_POINT('',(18.8192,-44.7663,5.125));
#4541=CARTESIAN_POINT('',(19.6198,-44.7663,5.125));
#4542=CARTESIAN_POINT('',(18.8192,-44.7663,5.125));
#4543=CARTESIAN_POINT('',(42.9197,-63.2169,5.125));
#4544=CARTESIAN_POINT('',(56.919,-63.2169,5.125));
#4545=CARTESIAN_POINT('',(56.919,-63.2169,5.125));
#4546=CARTESIAN_POINT('',(42.9197,-63.8163,5.125));
#4547=CARTESIAN_POINT('',(42.9197,-63.2169,5.125));
#4548=CARTESIAN_POINT('',(42.1189,-63.8163,5.125));
#4549=CARTESIAN_POINT('',(42.9197,-63.8163,5.125));
#4550=CARTESIAN_POINT('',(42.1189,-76.61692,5.125));
#4551=CARTESIAN_POINT('',(42.1189,-63.8163,5.125));
#4552=CARTESIAN_POINT('',(42.9197,-76.61692,5.125));
#4553=CARTESIAN_POINT('',(42.1189,-76.61692,5.125));
#4554=CARTESIAN_POINT('',(42.9197,-77.21636,5.125));
#4555=CARTESIAN_POINT('',(42.9197,-76.61692,5.125));
#4556=CARTESIAN_POINT('',(56.919,-77.21636,5.125));
#4557=CARTESIAN_POINT('',(42.9197,-77.21636,5.125));
#4558=CARTESIAN_POINT('',(56.919,-76.61692,5.125));
#4559=CARTESIAN_POINT('',(56.919,-77.21636,5.125));
#4560=CARTESIAN_POINT('',(57.7198,-76.61692,5.125));
#4561=CARTESIAN_POINT('',(56.919,-76.61692,5.125));
#4562=CARTESIAN_POINT('',(57.7198,-63.8163,5.125));
#4563=CARTESIAN_POINT('',(57.7198,-76.61692,5.125));
#4564=CARTESIAN_POINT('',(56.919,-63.8163,5.125));
#4565=CARTESIAN_POINT('',(57.7198,-63.8163,5.125));
#4566=CARTESIAN_POINT('',(56.919,-63.8163,5.125));
#4567=CARTESIAN_POINT('',(22.0662499999998,-19.20089,5.125));
#4568=CARTESIAN_POINT('',(60.3662499999998,-19.20089,5.125));
#4569=CARTESIAN_POINT('',(50.3807211499999,-19.20089,5.125));
#4570=CARTESIAN_POINT('',(60.3662499999998,-7.10088999999999,5.125));
#4571=CARTESIAN_POINT('',(60.3662499999998,-29.13414675,5.125));
#4572=CARTESIAN_POINT('',(22.0662499999998,-7.10088999999999,5.125));
#4573=CARTESIAN_POINT('',(31.2307211499999,-7.10088999999998,5.125));
#4574=CARTESIAN_POINT('',(22.0662499999998,-35.18414675,5.125));
#4575=CARTESIAN_POINT('',(75.2499999999997,-25.4080501489092,5.125));
#4576=CARTESIAN_POINT('',(74.6499999999997,-25.0686052764556,5.125));
#4577=CARTESIAN_POINT('Origin',(74.6499999999997,-25.7686052764556,5.125));
#4578=CARTESIAN_POINT('',(62.9406903012086,-25.0686052764556,5.125));
#4579=CARTESIAN_POINT('',(51.7679413006043,-25.0686052764556,5.125));
#4580=CARTESIAN_POINT('',(62.9406903012086,-37.5686052764556,5.125));
#4581=CARTESIAN_POINT('',(62.9406903012086,-44.2680043882278,5.125));
#4582=CARTESIAN_POINT('',(74.6499999999997,-37.5686052764556,5.125));
#4583=CARTESIAN_POINT('',(57.5225961499999,-37.5686052764556,5.125));
#4584=CARTESIAN_POINT('',(75.2499999999997,-37.229160404002,5.125));
#4585=CARTESIAN_POINT('Origin',(74.6499999999997,-36.8686052764556,5.125));
#4586=CARTESIAN_POINT('',(75.2499999999997,-38.3180043882278,5.125));
#4587=CARTESIAN_POINT('Origin',(74.6499999999997,-37.5686052764556,6.625));
#4588=CARTESIAN_POINT('',(62.9406903012086,-37.5686052764556,6.625));
#4589=CARTESIAN_POINT('',(62.9406903012086,-37.5686052764556,6.625));
#4590=CARTESIAN_POINT('',(74.6499999999997,-37.5686052764556,6.625));
#4591=CARTESIAN_POINT('',(57.5225961499999,-37.5686052764556,6.625));
#4592=CARTESIAN_POINT('',(74.6499999999997,-37.5686052764556,6.625));
#4593=CARTESIAN_POINT('Origin',(74.6499999999997,-36.8686052764556,6.625));
#4594=CARTESIAN_POINT('',(75.2499999999997,-37.229160404002,6.625));
#4595=CARTESIAN_POINT('Origin',(74.6499999999997,-36.8686052764556,6.625));
#4596=CARTESIAN_POINT('',(75.2499999999997,-37.229160404002,6.625));
#4597=CARTESIAN_POINT('Origin',(75.2499999999997,-25.4686052764556,6.625));
#4598=CARTESIAN_POINT('',(75.2499999999997,-25.4080501489092,6.625));
#4599=CARTESIAN_POINT('',(75.2499999999997,-38.3180043882278,6.625));
#4600=CARTESIAN_POINT('',(75.2499999999997,-25.4080501489092,6.625));
#4601=CARTESIAN_POINT('Origin',(74.6499999999997,-25.7686052764556,6.625));
#4602=CARTESIAN_POINT('',(74.6499999999997,-25.0686052764556,6.625));
#4603=CARTESIAN_POINT('Origin',(74.6499999999997,-25.7686052764556,6.625));
#4604=CARTESIAN_POINT('',(74.6499999999997,-25.0686052764556,6.625));
#4605=CARTESIAN_POINT('Origin',(63.1406903012086,-25.0686052764556,6.625));
#4606=CARTESIAN_POINT('',(62.9406903012086,-25.0686052764556,6.625));
#4607=CARTESIAN_POINT('',(51.7679413006043,-25.0686052764556,6.625));
#4608=CARTESIAN_POINT('',(62.9406903012086,-25.0686052764556,6.625));
#4609=CARTESIAN_POINT('Origin',(62.9406903012086,-37.3686052764556,6.625));
#4610=CARTESIAN_POINT('',(62.9406903012086,-44.2680043882278,6.625));
#4611=CARTESIAN_POINT('Origin',(80.96625,0.,6.625));
#4612=CARTESIAN_POINT('',(2.50000000000153,0.,6.625));
#4613=CARTESIAN_POINT('',(0.,0.,6.625));
#4614=CARTESIAN_POINT('',(2.50000000000153,0.,6.625));
#4615=CARTESIAN_POINT('Origin',(83.9999998807907,-88.9999998807907,6.625));
#4616=CARTESIAN_POINT('',(83.9999998807907,-88.9999998807907,6.625));
#4617=CARTESIAN_POINT('',(83.9999998807907,-88.9999998807907,6.625));
#4618=CARTESIAN_POINT('',(-3.00000011920929,-88.9999998807907,6.625));
#4619=CARTESIAN_POINT('',(83.9999998807907,-88.9999998807907,6.625));
#4620=CARTESIAN_POINT('',(-3.00000011920929,-88.9999998807907,6.625));
#4621=CARTESIAN_POINT('Origin',(83.9999998807907,-83.9999998807907,6.625));
#4622=CARTESIAN_POINT('',(88.9999998807907,-83.9999998807907,6.625));
#4623=CARTESIAN_POINT('',(88.9999998807907,-83.9999998807907,6.625));
#4624=CARTESIAN_POINT('Origin',(83.9999998807907,-83.9999998807907,6.625));
#4625=CARTESIAN_POINT('Origin',(88.9999998807907,3.00000011920929,6.625));
#4626=CARTESIAN_POINT('',(88.9999998807907,3.00000011920929,6.625));
#4627=CARTESIAN_POINT('',(88.9999998807907,3.00000011920929,6.625));
#4628=CARTESIAN_POINT('',(88.9999998807907,3.00000011920929,6.625));
#4629=CARTESIAN_POINT('Origin',(83.9999998807907,3.00000011920928,6.625));
#4630=CARTESIAN_POINT('Origin',(83.9999998807907,3.00000011920928,6.625));
#4631=CARTESIAN_POINT('Origin',(-3.00000011920929,3.00000011920929,6.625));
#4632=CARTESIAN_POINT('',(-8.00000011920929,3.00000011920929,6.625));
#4633=CARTESIAN_POINT('',(-8.00000011920929,3.00000011920929,6.625));
#4634=CARTESIAN_POINT('Origin',(-3.00000011920929,3.00000011920929,6.625));
#4635=CARTESIAN_POINT('Origin',(-8.00000011920929,-83.9999998807907,6.625));
#4636=CARTESIAN_POINT('',(-8.00000011920929,-83.9999998807907,6.625));
#4637=CARTESIAN_POINT('',(-8.00000011920929,-83.9999998807907,6.625));
#4638=CARTESIAN_POINT('',(-8.00000011920929,-83.9999998807907,6.625));
#4639=CARTESIAN_POINT('Origin',(-3.00000011920928,-83.9999998807907,6.625));
#4640=CARTESIAN_POINT('Origin',(-3.00000011920928,-83.9999998807907,6.625));
#4641=CARTESIAN_POINT('Origin',(18.1199999999977,-21.0000003129244,6.625));
#4642=CARTESIAN_POINT('',(4.38000000000153,-21.0000003129244,6.625));
#4643=CARTESIAN_POINT('',(4.38000000000153,-21.0000003129244,6.625));
#4644=CARTESIAN_POINT('',(18.1199999999977,-21.0000003129244,6.625));
#4645=CARTESIAN_POINT('',(29.2575961499988,-21.0000003129244,6.625));
#4646=CARTESIAN_POINT('',(18.1199999999977,-21.0000003129244,6.625));
#4647=CARTESIAN_POINT('Origin',(18.1199999999977,-19.1200003129244,6.625));
#4648=CARTESIAN_POINT('',(19.9999999999976,-19.1200000148988,6.625));
#4649=CARTESIAN_POINT('Origin',(18.1199999999977,-19.1200003129244,6.625));
#4650=CARTESIAN_POINT('',(19.9999999999976,-19.1200000148988,6.625));
#4651=CARTESIAN_POINT('Origin',(20.0000002980232,0.0162500000000154,6.625));
#4652=CARTESIAN_POINT('',(20.0000002980232,-25.57557675,6.625));
#4653=CARTESIAN_POINT('Origin',(2.5000000000016,-19.1200003129244,6.625));
#4654=CARTESIAN_POINT('',(2.50000000000153,-19.1200003129244,6.625));
#4655=CARTESIAN_POINT('',(2.50000000000166,-35.1437019064623,6.625));
#4656=CARTESIAN_POINT('',(2.50000000000153,-19.1200003129244,6.625));
#4657=CARTESIAN_POINT('Origin',(4.38000000000153,-19.1200003129244,6.625));
#4658=CARTESIAN_POINT('Origin',(4.38000000000153,-19.1200003129244,6.625));
#4659=CARTESIAN_POINT('Origin',(60.3662499999998,-19.20089,6.625));
#4660=CARTESIAN_POINT('',(22.0662499999998,-19.20089,6.625));
#4661=CARTESIAN_POINT('',(22.0662499999998,-19.20089,6.625));
#4662=CARTESIAN_POINT('',(60.3662499999998,-19.20089,6.625));
#4663=CARTESIAN_POINT('',(50.3807211499999,-19.20089,6.625));
#4664=CARTESIAN_POINT('',(60.3662499999998,-19.20089,6.625));
#4665=CARTESIAN_POINT('Origin',(60.3662499999998,-7.10088999999999,6.625));
#4666=CARTESIAN_POINT('',(60.3662499999998,-7.10088999999999,6.625));
#4667=CARTESIAN_POINT('',(60.3662499999998,-29.13414675,6.625));
#4668=CARTESIAN_POINT('',(60.3662499999998,-7.10088999999999,6.625));
#4669=CARTESIAN_POINT('Origin',(22.0662499999998,-7.10088999999999,6.625));
#4670=CARTESIAN_POINT('',(22.0662499999998,-7.10088999999999,6.625));
#4671=CARTESIAN_POINT('',(31.2307211499999,-7.10088999999998,6.625));
#4672=CARTESIAN_POINT('',(22.0662499999998,-7.10088999999999,6.625));
#4673=CARTESIAN_POINT('Origin',(22.0662499999998,-19.20089,6.625));
#4674=CARTESIAN_POINT('',(22.0662499999998,-35.18414675,6.625));
#4675=CARTESIAN_POINT('Origin',(42.9197,-63.8163,5.125));
#4676=CARTESIAN_POINT('',(42.9197,-63.2169,6.625));
#4677=CARTESIAN_POINT('',(42.9197,-63.2169,5.125));
#4678=CARTESIAN_POINT('',(42.9197,-63.8163,6.625));
#4679=CARTESIAN_POINT('',(42.9197,-63.2169,6.625));
#4680=CARTESIAN_POINT('',(42.9197,-63.8163,5.125));
#4681=CARTESIAN_POINT('Origin',(42.1189,-63.8163,5.125));
#4682=CARTESIAN_POINT('',(42.1189,-63.8163,6.625));
#4683=CARTESIAN_POINT('',(42.9197,-63.8163,6.625));
#4684=CARTESIAN_POINT('',(42.1189,-63.8163,5.125));
#4685=CARTESIAN_POINT('Origin',(42.1189,-76.61692,5.125));
#4686=CARTESIAN_POINT('',(42.1189,-76.61692,6.625));
#4687=CARTESIAN_POINT('',(42.1189,-63.8163,6.625));
#4688=CARTESIAN_POINT('',(42.1189,-76.61692,5.125));
#4689=CARTESIAN_POINT('Origin',(42.9197,-76.61692,5.125));
#4690=CARTESIAN_POINT('',(42.9197,-76.61692,6.625));
#4691=CARTESIAN_POINT('',(42.1189,-76.61692,6.625));
#4692=CARTESIAN_POINT('',(42.9197,-76.61692,5.125));
#4693=CARTESIAN_POINT('Origin',(42.9197,-77.21636,5.125));
#4694=CARTESIAN_POINT('',(42.9197,-77.21636,6.625));
#4695=CARTESIAN_POINT('',(42.9197,-76.61692,6.625));
#4696=CARTESIAN_POINT('',(42.9197,-77.21636,5.125));
#4697=CARTESIAN_POINT('Origin',(56.919,-77.21636,5.125));
#4698=CARTESIAN_POINT('',(56.919,-77.21636,6.625));
#4699=CARTESIAN_POINT('',(42.9197,-77.21636,6.625));
#4700=CARTESIAN_POINT('',(56.919,-77.21636,5.125));
#4701=CARTESIAN_POINT('Origin',(56.919,-76.61692,5.125));
#4702=CARTESIAN_POINT('',(56.919,-76.61692,6.625));
#4703=CARTESIAN_POINT('',(56.919,-77.21636,6.625));
#4704=CARTESIAN_POINT('',(56.919,-76.61692,5.125));
#4705=CARTESIAN_POINT('Origin',(57.7198,-76.61692,5.125));
#4706=CARTESIAN_POINT('',(57.7198,-76.61692,6.625));
#4707=CARTESIAN_POINT('',(56.919,-76.61692,6.625));
#4708=CARTESIAN_POINT('',(57.7198,-76.61692,5.125));
#4709=CARTESIAN_POINT('Origin',(57.7198,-63.8163,5.125));
#4710=CARTESIAN_POINT('',(57.7198,-63.8163,6.625));
#4711=CARTESIAN_POINT('',(57.7198,-76.61692,6.625));
#4712=CARTESIAN_POINT('',(57.7198,-63.8163,5.125));
#4713=CARTESIAN_POINT('Origin',(56.919,-63.8163,5.125));
#4714=CARTESIAN_POINT('',(56.919,-63.8163,6.625));
#4715=CARTESIAN_POINT('',(57.7198,-63.8163,6.625));
#4716=CARTESIAN_POINT('',(56.919,-63.8163,5.125));
#4717=CARTESIAN_POINT('Origin',(56.919,-63.2169,5.125));
#4718=CARTESIAN_POINT('',(56.919,-63.2169,6.625));
#4719=CARTESIAN_POINT('',(56.919,-63.8163,6.625));
#4720=CARTESIAN_POINT('',(56.919,-63.2169,5.125));
#4721=CARTESIAN_POINT('Origin',(42.9197,-63.2169,5.125));
#4722=CARTESIAN_POINT('',(56.919,-63.2169,6.625));
#4723=CARTESIAN_POINT('Origin',(4.81965,-44.7663,5.125));
#4724=CARTESIAN_POINT('',(4.81965,-44.167,6.625));
#4725=CARTESIAN_POINT('',(4.81965,-44.167,5.125));
#4726=CARTESIAN_POINT('',(4.81965,-44.7663,6.625));
#4727=CARTESIAN_POINT('',(4.81965,-44.167,6.625));
#4728=CARTESIAN_POINT('',(4.81965,-44.7663,5.125));
#4729=CARTESIAN_POINT('Origin',(4.01901,-44.7663,5.125));
#4730=CARTESIAN_POINT('',(4.01901,-44.7663,6.625));
#4731=CARTESIAN_POINT('',(4.81965,-44.7663,6.625));
#4732=CARTESIAN_POINT('',(4.01901,-44.7663,5.125));
#4733=CARTESIAN_POINT('Origin',(4.01901,-57.5669,5.125));
#4734=CARTESIAN_POINT('',(4.01901,-57.5669,6.625));
#4735=CARTESIAN_POINT('',(4.01901,-44.7663,6.625));
#4736=CARTESIAN_POINT('',(4.01901,-57.5669,5.125));
#4737=CARTESIAN_POINT('Origin',(4.81965,-57.5669,5.125));
#4738=CARTESIAN_POINT('',(4.81965,-57.5669,6.625));
#4739=CARTESIAN_POINT('',(4.01901,-57.5669,6.625));
#4740=CARTESIAN_POINT('',(4.81965,-57.5669,5.125));
#4741=CARTESIAN_POINT('Origin',(4.81965,-58.1664,5.125));
#4742=CARTESIAN_POINT('',(4.81965,-58.1664,6.625));
#4743=CARTESIAN_POINT('',(4.81965,-57.5669,6.625));
#4744=CARTESIAN_POINT('',(4.81965,-58.1664,5.125));
#4745=CARTESIAN_POINT('Origin',(18.8192,-58.1664,5.125));
#4746=CARTESIAN_POINT('',(18.8192,-58.1664,6.625));
#4747=CARTESIAN_POINT('',(4.81965,-58.1664,6.625));
#4748=CARTESIAN_POINT('',(18.8192,-58.1664,5.125));
#4749=CARTESIAN_POINT('Origin',(18.8192,-57.5669,5.125));
#4750=CARTESIAN_POINT('',(18.8192,-57.5669,6.625));
#4751=CARTESIAN_POINT('',(18.8192,-58.1664,6.625));
#4752=CARTESIAN_POINT('',(18.8192,-57.5669,5.125));
#4753=CARTESIAN_POINT('Origin',(19.6198,-57.5669,5.125));
#4754=CARTESIAN_POINT('',(19.6198,-57.5669,6.625));
#4755=CARTESIAN_POINT('',(18.8192,-57.5669,6.625));
#4756=CARTESIAN_POINT('',(19.6198,-57.5669,5.125));
#4757=CARTESIAN_POINT('Origin',(19.6198,-44.7663,5.125));
#4758=CARTESIAN_POINT('',(19.6198,-44.7663,6.625));
#4759=CARTESIAN_POINT('',(19.6198,-57.5669,6.625));
#4760=CARTESIAN_POINT('',(19.6198,-44.7663,5.125));
#4761=CARTESIAN_POINT('Origin',(18.8192,-44.7663,5.125));
#4762=CARTESIAN_POINT('',(18.8192,-44.7663,6.625));
#4763=CARTESIAN_POINT('',(19.6198,-44.7663,6.625));
#4764=CARTESIAN_POINT('',(18.8192,-44.7663,5.125));
#4765=CARTESIAN_POINT('Origin',(18.8192,-44.167,5.125));
#4766=CARTESIAN_POINT('',(18.8192,-44.167,6.625));
#4767=CARTESIAN_POINT('',(18.8192,-44.7663,6.625));
#4768=CARTESIAN_POINT('',(18.8192,-44.167,5.125));
#4769=CARTESIAN_POINT('Origin',(4.81965,-44.167,5.125));
#4770=CARTESIAN_POINT('',(18.8192,-44.167,6.625));
#4771=CARTESIAN_POINT('Origin',(61.9697,-63.8163,5.125));
#4772=CARTESIAN_POINT('',(61.9697,-63.2169,6.625));
#4773=CARTESIAN_POINT('',(61.9697,-63.2169,5.125));
#4774=CARTESIAN_POINT('',(61.9697,-63.8163,6.625));
#4775=CARTESIAN_POINT('',(61.9697,-63.2169,6.625));
#4776=CARTESIAN_POINT('',(61.9697,-63.8163,5.125));
#4777=CARTESIAN_POINT('Origin',(61.1689,-63.8163,5.125));
#4778=CARTESIAN_POINT('',(61.1689,-63.8163,6.625));
#4779=CARTESIAN_POINT('',(61.9697,-63.8163,6.625));
#4780=CARTESIAN_POINT('',(61.1689,-63.8163,5.125));
#4781=CARTESIAN_POINT('Origin',(61.1689,-76.61692,5.125));
#4782=CARTESIAN_POINT('',(61.1689,-76.61692,6.625));
#4783=CARTESIAN_POINT('',(61.1689,-63.8163,6.625));
#4784=CARTESIAN_POINT('',(61.1689,-76.61692,5.125));
#4785=CARTESIAN_POINT('Origin',(61.9697,-76.61692,5.125));
#4786=CARTESIAN_POINT('',(61.9697,-76.61692,6.625));
#4787=CARTESIAN_POINT('',(61.1689,-76.61692,6.625));
#4788=CARTESIAN_POINT('',(61.9697,-76.61692,5.125));
#4789=CARTESIAN_POINT('Origin',(61.9697,-77.21636,5.125));
#4790=CARTESIAN_POINT('',(61.9697,-77.21636,6.625));
#4791=CARTESIAN_POINT('',(61.9697,-76.61692,6.625));
#4792=CARTESIAN_POINT('',(61.9697,-77.21636,5.125));
#4793=CARTESIAN_POINT('Origin',(75.969,-77.21636,5.125));
#4794=CARTESIAN_POINT('',(75.969,-77.21636,6.625));
#4795=CARTESIAN_POINT('',(61.9697,-77.21636,6.625));
#4796=CARTESIAN_POINT('',(75.969,-77.21636,5.125));
#4797=CARTESIAN_POINT('Origin',(75.969,-76.61692,5.125));
#4798=CARTESIAN_POINT('',(75.969,-76.61692,6.625));
#4799=CARTESIAN_POINT('',(75.969,-77.21636,6.625));
#4800=CARTESIAN_POINT('',(75.969,-76.61692,5.125));
#4801=CARTESIAN_POINT('Origin',(76.7698,-76.61692,5.125));
#4802=CARTESIAN_POINT('',(76.7698,-76.61692,6.625));
#4803=CARTESIAN_POINT('',(75.969,-76.61692,6.625));
#4804=CARTESIAN_POINT('',(76.7698,-76.61692,5.125));
#4805=CARTESIAN_POINT('Origin',(76.7698,-63.8163,5.125));
#4806=CARTESIAN_POINT('',(76.7698,-63.8163,6.625));
#4807=CARTESIAN_POINT('',(76.7698,-76.61692,6.625));
#4808=CARTESIAN_POINT('',(76.7698,-63.8163,5.125));
#4809=CARTESIAN_POINT('Origin',(75.969,-63.8163,5.125));
#4810=CARTESIAN_POINT('',(75.969,-63.8163,6.625));
#4811=CARTESIAN_POINT('',(76.7698,-63.8163,6.625));
#4812=CARTESIAN_POINT('',(75.969,-63.8163,5.125));
#4813=CARTESIAN_POINT('Origin',(75.969,-63.2169,5.125));
#4814=CARTESIAN_POINT('',(75.969,-63.2169,6.625));
#4815=CARTESIAN_POINT('',(75.969,-63.8163,6.625));
#4816=CARTESIAN_POINT('',(75.969,-63.2169,5.125));
#4817=CARTESIAN_POINT('Origin',(61.9697,-63.2169,5.125));
#4818=CARTESIAN_POINT('',(75.969,-63.2169,6.625));
#4819=CARTESIAN_POINT('Origin',(4.81965,-63.8163,5.125));
#4820=CARTESIAN_POINT('',(4.81965,-63.2169,6.625));
#4821=CARTESIAN_POINT('',(4.81965,-63.2169,5.125));
#4822=CARTESIAN_POINT('',(4.81965,-63.8163,6.625));
#4823=CARTESIAN_POINT('',(4.81965,-63.2169,6.625));
#4824=CARTESIAN_POINT('',(4.81965,-63.8163,5.125));
#4825=CARTESIAN_POINT('Origin',(4.01901,-63.8163,5.125));
#4826=CARTESIAN_POINT('',(4.01901,-63.8163,6.625));
#4827=CARTESIAN_POINT('',(4.81965,-63.8163,6.625));
#4828=CARTESIAN_POINT('',(4.01901,-63.8163,5.125));
#4829=CARTESIAN_POINT('Origin',(4.01901,-76.61692,5.125));
#4830=CARTESIAN_POINT('',(4.01901,-76.61692,6.625));
#4831=CARTESIAN_POINT('',(4.01901,-63.8163,6.625));
#4832=CARTESIAN_POINT('',(4.01901,-76.61692,5.125));
#4833=CARTESIAN_POINT('Origin',(4.81965,-76.61692,5.125));
#4834=CARTESIAN_POINT('',(4.81965,-76.61692,6.625));
#4835=CARTESIAN_POINT('',(4.01901,-76.61692,6.625));
#4836=CARTESIAN_POINT('',(4.81965,-76.61692,5.125));
#4837=CARTESIAN_POINT('Origin',(4.81965,-77.21636,5.125));
#4838=CARTESIAN_POINT('',(4.81965,-77.21636,6.625));
#4839=CARTESIAN_POINT('',(4.81965,-76.61692,6.625));
#4840=CARTESIAN_POINT('',(4.81965,-77.21636,5.125));
#4841=CARTESIAN_POINT('Origin',(18.8192,-77.21636,5.125));
#4842=CARTESIAN_POINT('',(18.8192,-77.21636,6.625));
#4843=CARTESIAN_POINT('',(4.81965,-77.21636,6.625));
#4844=CARTESIAN_POINT('',(18.8192,-77.21636,5.125));
#4845=CARTESIAN_POINT('Origin',(18.8192,-76.61692,5.125));
#4846=CARTESIAN_POINT('',(18.8192,-76.61692,6.625));
#4847=CARTESIAN_POINT('',(18.8192,-77.21636,6.625));
#4848=CARTESIAN_POINT('',(18.8192,-76.61692,5.125));
#4849=CARTESIAN_POINT('Origin',(19.6198,-76.61692,5.125));
#4850=CARTESIAN_POINT('',(19.6198,-76.61692,6.625));
#4851=CARTESIAN_POINT('',(18.8192,-76.61692,6.625));
#4852=CARTESIAN_POINT('',(19.6198,-76.61692,5.125));
#4853=CARTESIAN_POINT('Origin',(19.6198,-63.8163,5.125));
#4854=CARTESIAN_POINT('',(19.6198,-63.8163,6.625));
#4855=CARTESIAN_POINT('',(19.6198,-76.61692,6.625));
#4856=CARTESIAN_POINT('',(19.6198,-63.8163,5.125));
#4857=CARTESIAN_POINT('Origin',(18.8192,-63.8163,5.125));
#4858=CARTESIAN_POINT('',(18.8192,-63.8163,6.625));
#4859=CARTESIAN_POINT('',(19.6198,-63.8163,6.625));
#4860=CARTESIAN_POINT('',(18.8192,-63.8163,5.125));
#4861=CARTESIAN_POINT('Origin',(18.8192,-63.2169,5.125));
#4862=CARTESIAN_POINT('',(18.8192,-63.2169,6.625));
#4863=CARTESIAN_POINT('',(18.8192,-63.8163,6.625));
#4864=CARTESIAN_POINT('',(18.8192,-63.2169,5.125));
#4865=CARTESIAN_POINT('Origin',(4.81965,-63.2169,5.125));
#4866=CARTESIAN_POINT('',(18.8192,-63.2169,6.625));
#4867=CARTESIAN_POINT('Origin',(61.9697,-44.7663,5.125));
#4868=CARTESIAN_POINT('',(61.9697,-44.167,6.625));
#4869=CARTESIAN_POINT('',(61.9697,-44.167,5.125));
#4870=CARTESIAN_POINT('',(61.9697,-44.7663,6.625));
#4871=CARTESIAN_POINT('',(61.9697,-44.167,6.625));
#4872=CARTESIAN_POINT('',(61.9697,-44.7663,5.125));
#4873=CARTESIAN_POINT('Origin',(61.1689,-44.7663,5.125));
#4874=CARTESIAN_POINT('',(61.1689,-44.7663,6.625));
#4875=CARTESIAN_POINT('',(61.9697,-44.7663,6.625));
#4876=CARTESIAN_POINT('',(61.1689,-44.7663,5.125));
#4877=CARTESIAN_POINT('Origin',(61.1689,-57.5669,5.125));
#4878=CARTESIAN_POINT('',(61.1689,-57.5669,6.625));
#4879=CARTESIAN_POINT('',(61.1689,-44.7663,6.625));
#4880=CARTESIAN_POINT('',(61.1689,-57.5669,5.125));
#4881=CARTESIAN_POINT('Origin',(61.9697,-57.5669,5.125));
#4882=CARTESIAN_POINT('',(61.9697,-57.5669,6.625));
#4883=CARTESIAN_POINT('',(61.1689,-57.5669,6.625));
#4884=CARTESIAN_POINT('',(61.9697,-57.5669,5.125));
#4885=CARTESIAN_POINT('Origin',(61.9697,-58.1664,5.125));
#4886=CARTESIAN_POINT('',(61.9697,-58.1664,6.625));
#4887=CARTESIAN_POINT('',(61.9697,-57.5669,6.625));
#4888=CARTESIAN_POINT('',(61.9697,-58.1664,5.125));
#4889=CARTESIAN_POINT('Origin',(75.969,-58.1664,5.125));
#4890=CARTESIAN_POINT('',(75.969,-58.1664,6.625));
#4891=CARTESIAN_POINT('',(61.9697,-58.1664,6.625));
#4892=CARTESIAN_POINT('',(75.969,-58.1664,5.125));
#4893=CARTESIAN_POINT('Origin',(75.969,-57.5669,5.125));
#4894=CARTESIAN_POINT('',(75.969,-57.5669,6.625));
#4895=CARTESIAN_POINT('',(75.969,-58.1664,6.625));
#4896=CARTESIAN_POINT('',(75.969,-57.5669,5.125));
#4897=CARTESIAN_POINT('Origin',(76.7698,-57.5669,5.125));
#4898=CARTESIAN_POINT('',(76.7698,-57.5669,6.625));
#4899=CARTESIAN_POINT('',(75.969,-57.5669,6.625));
#4900=CARTESIAN_POINT('',(76.7698,-57.5669,5.125));
#4901=CARTESIAN_POINT('Origin',(76.7698,-44.7663,5.125));
#4902=CARTESIAN_POINT('',(76.7698,-44.7663,6.625));
#4903=CARTESIAN_POINT('',(76.7698,-57.5669,6.625));
#4904=CARTESIAN_POINT('',(76.7698,-44.7663,5.125));
#4905=CARTESIAN_POINT('Origin',(75.969,-44.7663,5.125));
#4906=CARTESIAN_POINT('',(75.969,-44.7663,6.625));
#4907=CARTESIAN_POINT('',(76.7698,-44.7663,6.625));
#4908=CARTESIAN_POINT('',(75.969,-44.7663,5.125));
#4909=CARTESIAN_POINT('Origin',(75.969,-44.167,5.125));
#4910=CARTESIAN_POINT('',(75.969,-44.167,6.625));
#4911=CARTESIAN_POINT('',(75.969,-44.7663,6.625));
#4912=CARTESIAN_POINT('',(75.969,-44.167,5.125));
#4913=CARTESIAN_POINT('Origin',(61.9697,-44.167,5.125));
#4914=CARTESIAN_POINT('',(75.969,-44.167,6.625));
#4915=CARTESIAN_POINT('Origin',(42.9197,-44.7663,5.125));
#4916=CARTESIAN_POINT('',(42.9197,-44.167,6.625));
#4917=CARTESIAN_POINT('',(42.9197,-44.167,5.125));
#4918=CARTESIAN_POINT('',(42.9197,-44.7663,6.625));
#4919=CARTESIAN_POINT('',(42.9197,-44.167,6.625));
#4920=CARTESIAN_POINT('',(42.9197,-44.7663,5.125));
#4921=CARTESIAN_POINT('Origin',(42.1189,-44.7663,5.125));
#4922=CARTESIAN_POINT('',(42.1189,-44.7663,6.625));
#4923=CARTESIAN_POINT('',(42.9197,-44.7663,6.625));
#4924=CARTESIAN_POINT('',(42.1189,-44.7663,5.125));
#4925=CARTESIAN_POINT('Origin',(42.1189,-57.5669,5.125));
#4926=CARTESIAN_POINT('',(42.1189,-57.5669,6.625));
#4927=CARTESIAN_POINT('',(42.1189,-44.7663,6.625));
#4928=CARTESIAN_POINT('',(42.1189,-57.5669,5.125));
#4929=CARTESIAN_POINT('Origin',(42.9197,-57.5669,5.125));
#4930=CARTESIAN_POINT('',(42.9197,-57.5669,6.625));
#4931=CARTESIAN_POINT('',(42.1189,-57.5669,6.625));
#4932=CARTESIAN_POINT('',(42.9197,-57.5669,5.125));
#4933=CARTESIAN_POINT('Origin',(42.9197,-58.1664,5.125));
#4934=CARTESIAN_POINT('',(42.9197,-58.1664,6.625));
#4935=CARTESIAN_POINT('',(42.9197,-57.5669,6.625));
#4936=CARTESIAN_POINT('',(42.9197,-58.1664,5.125));
#4937=CARTESIAN_POINT('Origin',(56.919,-58.1664,5.125));
#4938=CARTESIAN_POINT('',(56.919,-58.1664,6.625));
#4939=CARTESIAN_POINT('',(42.9197,-58.1664,6.625));
#4940=CARTESIAN_POINT('',(56.919,-58.1664,5.125));
#4941=CARTESIAN_POINT('Origin',(56.919,-57.5669,5.125));
#4942=CARTESIAN_POINT('',(56.919,-57.5669,6.625));
#4943=CARTESIAN_POINT('',(56.919,-58.1664,6.625));
#4944=CARTESIAN_POINT('',(56.919,-57.5669,5.125));
#4945=CARTESIAN_POINT('Origin',(57.7198,-57.5669,5.125));
#4946=CARTESIAN_POINT('',(57.7198,-57.5669,6.625));
#4947=CARTESIAN_POINT('',(56.919,-57.5669,6.625));
#4948=CARTESIAN_POINT('',(57.7198,-57.5669,5.125));
#4949=CARTESIAN_POINT('Origin',(57.7198,-44.7663,5.125));
#4950=CARTESIAN_POINT('',(57.7198,-44.7663,6.625));
#4951=CARTESIAN_POINT('',(57.7198,-57.5669,6.625));
#4952=CARTESIAN_POINT('',(57.7198,-44.7663,5.125));
#4953=CARTESIAN_POINT('Origin',(56.919,-44.7663,5.125));
#4954=CARTESIAN_POINT('',(56.919,-44.7663,6.625));
#4955=CARTESIAN_POINT('',(57.7198,-44.7663,6.625));
#4956=CARTESIAN_POINT('',(56.919,-44.7663,5.125));
#4957=CARTESIAN_POINT('Origin',(56.919,-44.167,5.125));
#4958=CARTESIAN_POINT('',(56.919,-44.167,6.625));
#4959=CARTESIAN_POINT('',(56.919,-44.7663,6.625));
#4960=CARTESIAN_POINT('',(56.919,-44.167,5.125));
#4961=CARTESIAN_POINT('Origin',(42.9197,-44.167,5.125));
#4962=CARTESIAN_POINT('',(56.919,-44.167,6.625));
#4963=CARTESIAN_POINT('Origin',(42.9197,-25.7163,5.125));
#4964=CARTESIAN_POINT('',(42.9197,-25.1169,6.625));
#4965=CARTESIAN_POINT('',(42.9197,-25.1169,5.125));
#4966=CARTESIAN_POINT('',(42.9197,-25.7163,6.625));
#4967=CARTESIAN_POINT('',(42.9197,-25.1169,6.625));
#4968=CARTESIAN_POINT('',(42.9197,-25.7163,5.125));
#4969=CARTESIAN_POINT('Origin',(42.1189,-25.7163,5.125));
#4970=CARTESIAN_POINT('',(42.1189,-25.7163,6.625));
#4971=CARTESIAN_POINT('',(42.9197,-25.7163,6.625));
#4972=CARTESIAN_POINT('',(42.1189,-25.7163,5.125));
#4973=CARTESIAN_POINT('Origin',(42.1189,-38.5169,5.125));
#4974=CARTESIAN_POINT('',(42.1189,-38.5169,6.625));
#4975=CARTESIAN_POINT('',(42.1189,-25.7163,6.625));
#4976=CARTESIAN_POINT('',(42.1189,-38.5169,5.125));
#4977=CARTESIAN_POINT('Origin',(42.9197,-38.5169,5.125));
#4978=CARTESIAN_POINT('',(42.9197,-38.5169,6.625));
#4979=CARTESIAN_POINT('',(42.1189,-38.5169,6.625));
#4980=CARTESIAN_POINT('',(42.9197,-38.5169,5.125));
#4981=CARTESIAN_POINT('Origin',(42.9197,-39.1162,5.125));
#4982=CARTESIAN_POINT('',(42.9197,-39.1162,6.625));
#4983=CARTESIAN_POINT('',(42.9197,-38.5169,6.625));
#4984=CARTESIAN_POINT('',(42.9197,-39.1162,5.125));
#4985=CARTESIAN_POINT('Origin',(56.919,-39.1162,5.125));
#4986=CARTESIAN_POINT('',(56.919,-39.1162,6.625));
#4987=CARTESIAN_POINT('',(42.9197,-39.1162,6.625));
#4988=CARTESIAN_POINT('',(56.919,-39.1162,5.125));
#4989=CARTESIAN_POINT('Origin',(56.919,-38.5169,5.125));
#4990=CARTESIAN_POINT('',(56.919,-38.5169,6.625));
#4991=CARTESIAN_POINT('',(56.919,-39.1162,6.625));
#4992=CARTESIAN_POINT('',(56.919,-38.5169,5.125));
#4993=CARTESIAN_POINT('Origin',(57.7198,-38.5169,5.125));
#4994=CARTESIAN_POINT('',(57.7198,-38.5169,6.625));
#4995=CARTESIAN_POINT('',(56.919,-38.5169,6.625));
#4996=CARTESIAN_POINT('',(57.7198,-38.5169,5.125));
#4997=CARTESIAN_POINT('Origin',(57.7198,-25.7163,5.125));
#4998=CARTESIAN_POINT('',(57.7198,-25.7163,6.625));
#4999=CARTESIAN_POINT('',(57.7198,-38.5169,6.625));
#5000=CARTESIAN_POINT('',(57.7198,-25.7163,5.125));
#5001=CARTESIAN_POINT('Origin',(56.919,-25.7163,5.125));
#5002=CARTESIAN_POINT('',(56.919,-25.7163,6.625));
#5003=CARTESIAN_POINT('',(57.7198,-25.7163,6.625));
#5004=CARTESIAN_POINT('',(56.919,-25.7163,5.125));
#5005=CARTESIAN_POINT('Origin',(56.919,-25.1169,5.125));
#5006=CARTESIAN_POINT('',(56.919,-25.1169,6.625));
#5007=CARTESIAN_POINT('',(56.919,-25.7163,6.625));
#5008=CARTESIAN_POINT('',(56.919,-25.1169,5.125));
#5009=CARTESIAN_POINT('Origin',(42.9197,-25.1169,5.125));
#5010=CARTESIAN_POINT('',(56.919,-25.1169,6.625));
#5011=CARTESIAN_POINT('Origin',(23.8697,-25.7163,5.125));
#5012=CARTESIAN_POINT('',(23.8697,-25.1169,6.625));
#5013=CARTESIAN_POINT('',(23.8697,-25.1169,5.125));
#5014=CARTESIAN_POINT('',(23.8697,-25.7163,6.625));
#5015=CARTESIAN_POINT('',(23.8697,-25.1169,6.625));
#5016=CARTESIAN_POINT('',(23.8697,-25.7163,5.125));
#5017=CARTESIAN_POINT('Origin',(23.069,-25.7163,5.125));
#5018=CARTESIAN_POINT('',(23.069,-25.7163,6.625));
#5019=CARTESIAN_POINT('',(23.8697,-25.7163,6.625));
#5020=CARTESIAN_POINT('',(23.069,-25.7163,5.125));
#5021=CARTESIAN_POINT('Origin',(23.069,-38.5169,5.125));
#5022=CARTESIAN_POINT('',(23.069,-38.5169,6.625));
#5023=CARTESIAN_POINT('',(23.069,-25.7163,6.625));
#5024=CARTESIAN_POINT('',(23.069,-38.5169,5.125));
#5025=CARTESIAN_POINT('Origin',(23.8697,-38.5169,5.125));
#5026=CARTESIAN_POINT('',(23.8697,-38.5169,6.625));
#5027=CARTESIAN_POINT('',(23.069,-38.5169,6.625));
#5028=CARTESIAN_POINT('',(23.8697,-38.5169,5.125));
#5029=CARTESIAN_POINT('Origin',(23.8697,-39.1162,5.125));
#5030=CARTESIAN_POINT('',(23.8697,-39.1162,6.625));
#5031=CARTESIAN_POINT('',(23.8697,-38.5169,6.625));
#5032=CARTESIAN_POINT('',(23.8697,-39.1162,5.125));
#5033=CARTESIAN_POINT('Origin',(37.869,-39.1162,5.125));
#5034=CARTESIAN_POINT('',(37.869,-39.1162,6.625));
#5035=CARTESIAN_POINT('',(23.8697,-39.1162,6.625));
#5036=CARTESIAN_POINT('',(37.869,-39.1162,5.125));
#5037=CARTESIAN_POINT('Origin',(37.869,-38.5169,5.125));
#5038=CARTESIAN_POINT('',(37.869,-38.5169,6.625));
#5039=CARTESIAN_POINT('',(37.869,-39.1162,6.625));
#5040=CARTESIAN_POINT('',(37.869,-38.5169,5.125));
#5041=CARTESIAN_POINT('Origin',(38.6698,-38.5169,5.125));
#5042=CARTESIAN_POINT('',(38.6698,-38.5169,6.625));
#5043=CARTESIAN_POINT('',(37.869,-38.5169,6.625));
#5044=CARTESIAN_POINT('',(38.6698,-38.5169,5.125));
#5045=CARTESIAN_POINT('Origin',(38.6698,-25.7163,5.125));
#5046=CARTESIAN_POINT('',(38.6698,-25.7163,6.625));
#5047=CARTESIAN_POINT('',(38.6698,-38.5169,6.625));
#5048=CARTESIAN_POINT('',(38.6698,-25.7163,5.125));
#5049=CARTESIAN_POINT('Origin',(37.869,-25.7163,5.125));
#5050=CARTESIAN_POINT('',(37.869,-25.7163,6.625));
#5051=CARTESIAN_POINT('',(38.6698,-25.7163,6.625));
#5052=CARTESIAN_POINT('',(37.869,-25.7163,5.125));
#5053=CARTESIAN_POINT('Origin',(37.869,-25.1169,5.125));
#5054=CARTESIAN_POINT('',(37.869,-25.1169,6.625));
#5055=CARTESIAN_POINT('',(37.869,-25.7163,6.625));
#5056=CARTESIAN_POINT('',(37.869,-25.1169,5.125));
#5057=CARTESIAN_POINT('Origin',(23.8697,-25.1169,5.125));
#5058=CARTESIAN_POINT('',(37.869,-25.1169,6.625));
#5059=CARTESIAN_POINT('Origin',(23.8697,-44.7663,5.125));
#5060=CARTESIAN_POINT('',(23.8697,-44.167,6.625));
#5061=CARTESIAN_POINT('',(23.8697,-44.167,5.125));
#5062=CARTESIAN_POINT('',(23.8697,-44.7663,6.625));
#5063=CARTESIAN_POINT('',(23.8697,-44.167,6.625));
#5064=CARTESIAN_POINT('',(23.8697,-44.7663,5.125));
#5065=CARTESIAN_POINT('Origin',(23.069,-44.7663,5.125));
#5066=CARTESIAN_POINT('',(23.069,-44.7663,6.625));
#5067=CARTESIAN_POINT('',(23.8697,-44.7663,6.625));
#5068=CARTESIAN_POINT('',(23.069,-44.7663,5.125));
#5069=CARTESIAN_POINT('Origin',(23.069,-57.5669,5.125));
#5070=CARTESIAN_POINT('',(23.069,-57.5669,6.625));
#5071=CARTESIAN_POINT('',(23.069,-44.7663,6.625));
#5072=CARTESIAN_POINT('',(23.069,-57.5669,5.125));
#5073=CARTESIAN_POINT('Origin',(23.8697,-57.5669,5.125));
#5074=CARTESIAN_POINT('',(23.8697,-57.5669,6.625));
#5075=CARTESIAN_POINT('',(23.069,-57.5669,6.625));
#5076=CARTESIAN_POINT('',(23.8697,-57.5669,5.125));
#5077=CARTESIAN_POINT('Origin',(23.8697,-58.1664,5.125));
#5078=CARTESIAN_POINT('',(23.8697,-58.1664,6.625));
#5079=CARTESIAN_POINT('',(23.8697,-57.5669,6.625));
#5080=CARTESIAN_POINT('',(23.8697,-58.1664,5.125));
#5081=CARTESIAN_POINT('Origin',(37.869,-58.1664,5.125));
#5082=CARTESIAN_POINT('',(37.869,-58.1664,6.625));
#5083=CARTESIAN_POINT('',(23.8697,-58.1664,6.625));
#5084=CARTESIAN_POINT('',(37.869,-58.1664,5.125));
#5085=CARTESIAN_POINT('Origin',(37.869,-57.5669,5.125));
#5086=CARTESIAN_POINT('',(37.869,-57.5669,6.625));
#5087=CARTESIAN_POINT('',(37.869,-58.1664,6.625));
#5088=CARTESIAN_POINT('',(37.869,-57.5669,5.125));
#5089=CARTESIAN_POINT('Origin',(38.6698,-57.5669,5.125));
#5090=CARTESIAN_POINT('',(38.6698,-57.5669,6.625));
#5091=CARTESIAN_POINT('',(37.869,-57.5669,6.625));
#5092=CARTESIAN_POINT('',(38.6698,-57.5669,5.125));
#5093=CARTESIAN_POINT('Origin',(38.6698,-44.7663,5.125));
#5094=CARTESIAN_POINT('',(38.6698,-44.7663,6.625));
#5095=CARTESIAN_POINT('',(38.6698,-57.5669,6.625));
#5096=CARTESIAN_POINT('',(38.6698,-44.7663,5.125));
#5097=CARTESIAN_POINT('Origin',(37.869,-44.7663,5.125));
#5098=CARTESIAN_POINT('',(37.869,-44.7663,6.625));
#5099=CARTESIAN_POINT('',(38.6698,-44.7663,6.625));
#5100=CARTESIAN_POINT('',(37.869,-44.7663,5.125));
#5101=CARTESIAN_POINT('Origin',(37.869,-44.167,5.125));
#5102=CARTESIAN_POINT('',(37.869,-44.167,6.625));
#5103=CARTESIAN_POINT('',(37.869,-44.7663,6.625));
#5104=CARTESIAN_POINT('',(37.869,-44.167,5.125));
#5105=CARTESIAN_POINT('Origin',(23.8697,-44.167,5.125));
#5106=CARTESIAN_POINT('',(37.869,-44.167,6.625));
#5107=CARTESIAN_POINT('Origin',(23.8697,-63.8163,5.125));
#5108=CARTESIAN_POINT('',(23.8697,-63.2169,6.625));
#5109=CARTESIAN_POINT('',(23.8697,-63.2169,5.125));
#5110=CARTESIAN_POINT('',(23.8697,-63.8163,6.625));
#5111=CARTESIAN_POINT('',(23.8697,-63.2169,6.625));
#5112=CARTESIAN_POINT('',(23.8697,-63.8163,5.125));
#5113=CARTESIAN_POINT('Origin',(23.069,-63.8163,5.125));
#5114=CARTESIAN_POINT('',(23.069,-63.8163,6.625));
#5115=CARTESIAN_POINT('',(23.8697,-63.8163,6.625));
#5116=CARTESIAN_POINT('',(23.069,-63.8163,5.125));
#5117=CARTESIAN_POINT('Origin',(23.069,-76.61692,5.125));
#5118=CARTESIAN_POINT('',(23.069,-76.61692,6.625));
#5119=CARTESIAN_POINT('',(23.069,-63.8163,6.625));
#5120=CARTESIAN_POINT('',(23.069,-76.61692,5.125));
#5121=CARTESIAN_POINT('Origin',(23.8697,-76.61692,5.125));
#5122=CARTESIAN_POINT('',(23.8697,-76.61692,6.625));
#5123=CARTESIAN_POINT('',(23.069,-76.61692,6.625));
#5124=CARTESIAN_POINT('',(23.8697,-76.61692,5.125));
#5125=CARTESIAN_POINT('Origin',(23.8697,-77.21636,5.125));
#5126=CARTESIAN_POINT('',(23.8697,-77.21636,6.625));
#5127=CARTESIAN_POINT('',(23.8697,-76.61692,6.625));
#5128=CARTESIAN_POINT('',(23.8697,-77.21636,5.125));
#5129=CARTESIAN_POINT('Origin',(37.869,-77.21636,5.125));
#5130=CARTESIAN_POINT('',(37.869,-77.21636,6.625));
#5131=CARTESIAN_POINT('',(23.8697,-77.21636,6.625));
#5132=CARTESIAN_POINT('',(37.869,-77.21636,5.125));
#5133=CARTESIAN_POINT('Origin',(37.869,-76.61692,5.125));
#5134=CARTESIAN_POINT('',(37.869,-76.61692,6.625));
#5135=CARTESIAN_POINT('',(37.869,-77.21636,6.625));
#5136=CARTESIAN_POINT('',(37.869,-76.61692,5.125));
#5137=CARTESIAN_POINT('Origin',(38.6698,-76.61692,5.125));
#5138=CARTESIAN_POINT('',(38.6698,-76.61692,6.625));
#5139=CARTESIAN_POINT('',(37.869,-76.61692,6.625));
#5140=CARTESIAN_POINT('',(38.6698,-76.61692,5.125));
#5141=CARTESIAN_POINT('Origin',(38.6698,-63.8163,5.125));
#5142=CARTESIAN_POINT('',(38.6698,-63.8163,6.625));
#5143=CARTESIAN_POINT('',(38.6698,-76.61692,6.625));
#5144=CARTESIAN_POINT('',(38.6698,-63.8163,5.125));
#5145=CARTESIAN_POINT('Origin',(37.869,-63.8163,5.125));
#5146=CARTESIAN_POINT('',(37.869,-63.8163,6.625));
#5147=CARTESIAN_POINT('',(38.6698,-63.8163,6.625));
#5148=CARTESIAN_POINT('',(37.869,-63.8163,5.125));
#5149=CARTESIAN_POINT('Origin',(37.869,-63.2169,5.125));
#5150=CARTESIAN_POINT('',(37.869,-63.2169,6.625));
#5151=CARTESIAN_POINT('',(37.869,-63.8163,6.625));
#5152=CARTESIAN_POINT('',(37.869,-63.2169,5.125));
#5153=CARTESIAN_POINT('Origin',(23.8697,-63.2169,5.125));
#5154=CARTESIAN_POINT('',(37.869,-63.2169,6.625));
#5155=CARTESIAN_POINT('Origin',(40.3951923,-51.1674035,6.625));
#5156=UNCERTAINTY_MEASURE_WITH_UNIT(LENGTH_MEASURE(0.01),#5160,
'DISTANCE_ACCURACY_VALUE',
'Maximum model space distance between geometric entities at asserted c
onnectivities');
#5157=UNCERTAINTY_MEASURE_WITH_UNIT(LENGTH_MEASURE(0.01),#5160,
'DISTANCE_ACCURACY_VALUE',
'Maximum model space distance between geometric entities at asserted c
onnectivities');
#5158=(
GEOMETRIC_REPRESENTATION_CONTEXT(3)
GLOBAL_UNCERTAINTY_ASSIGNED_CONTEXT((#5156))
GLOBAL_UNIT_ASSIGNED_CONTEXT((#5160,#5162,#5163))
REPRESENTATION_CONTEXT('','3D')
);
#5159=(
GEOMETRIC_REPRESENTATION_CONTEXT(3)
GLOBAL_UNCERTAINTY_ASSIGNED_CONTEXT((#5157))
GLOBAL_UNIT_ASSIGNED_CONTEXT((#5160,#5162,#5163))
REPRESENTATION_CONTEXT('','3D')
);
#5160=(
LENGTH_UNIT()
NAMED_UNIT(*)
SI_UNIT(.MILLI.,.METRE.)
);
#5161=(
LENGTH_UNIT()
NAMED_UNIT(*)
SI_UNIT($,.METRE.)
);
#5162=(
NAMED_UNIT(*)
PLANE_ANGLE_UNIT()
SI_UNIT($,.RADIAN.)
);
#5163=(
NAMED_UNIT(*)
SI_UNIT($,.STERADIAN.)
SOLID_ANGLE_UNIT()
);
#5164=SHAPE_DEFINITION_REPRESENTATION(#5165,#5166);
#5165=PRODUCT_DEFINITION_SHAPE('',$,#5168);
#5166=SHAPE_REPRESENTATION('',(#3264),#5158);
#5167=PRODUCT_DEFINITION_CONTEXT('part definition',#5172,'design');
#5168=PRODUCT_DEFINITION('Plate','Plate',#5169,#5167);
#5169=PRODUCT_DEFINITION_FORMATION('',$,#5174);
#5170=PRODUCT_RELATED_PRODUCT_CATEGORY('Plate','Plate',(#5174));
#5171=APPLICATION_PROTOCOL_DEFINITION('international standard',
'automotive_design',2009,#5172);
#5172=APPLICATION_CONTEXT(
'Core Data for Automotive Mechanical Design Process');
#5173=PRODUCT_CONTEXT('part definition',#5172,'mechanical');
#5174=PRODUCT('Plate','Plate',$,(#5173));
#5175=PRESENTATION_STYLE_ASSIGNMENT((#5177));
#5176=PRESENTATION_STYLE_ASSIGNMENT((#5178));
#5177=SURFACE_STYLE_USAGE(.BOTH.,#5179);
#5178=SURFACE_STYLE_USAGE(.BOTH.,#5180);
#5179=SURFACE_SIDE_STYLE('',(#5181));
#5180=SURFACE_SIDE_STYLE('',(#5182));
#5181=SURFACE_STYLE_FILL_AREA(#5183);
#5182=SURFACE_STYLE_FILL_AREA(#5184);
#5183=FILL_AREA_STYLE('Steel - Satin',(#5185));
#5184=FILL_AREA_STYLE('Plastic - Matte (Black)',(#5186));
#5185=FILL_AREA_STYLE_COLOUR('Steel - Satin',#5187);
#5186=FILL_AREA_STYLE_COLOUR('Plastic - Matte (Black)',#5188);
#5187=COLOUR_RGB('Steel - Satin',0.627450980392157,0.627450980392157,0.627450980392157);
#5188=COLOUR_RGB('Plastic - Matte (Black)',0.0980392156862745,0.0980392156862745,
0.0980392156862745);
ENDSEC;
END-ISO-10303-21;
